{"stats":{"minecraft:crafted":{"minecraft:oak_planks":12,"minecraft:spruce_planks":60,"minecraft:crafting_table":1,"minecraft:stick":8,"minecraft:wooden_pickaxe":1,"minecraft:stone_pickaxe":1,"minecraft:stone_axe":1},"minecraft:killed":{"minecraft:pig":1,"minecraft:chicken":2},"minecraft:picked_up":{"minecraft:birch_log":6,"minecraft:stick":10,"minecraft:crafting_table":1,"minecraft:feather":4,"minecraft:chicken":2,"minecraft:pumpkin":3,"minecraft:spruce_stairs":2,"doggytalents:rice_grains":2,"minecraft:porkchop":2,"minecraft:oak_log":3,"minecraft:spruce_sapling":9,"minecraft:spruce_log":17,"minecraft:white_bed":4,"minecraft:string":2,"minecraft:dirt":5,"minecraft:wheat_seeds":2,"minecraft:hay_block":8,"minecraft:spruce_slab":1,"minecraft:sugar_cane":20,"minecraft:birch_sapling":4,"minecraft:cobblestone":8,"minecraft:oxeye_daisy":1},"minecraft:dropped":{"minecraft:wheat_seeds":2,"minecraft:feather":4,"doggytalents:rice_grains":1},"minecraft:used":{"minecraft:apple":1,"minecraft:chicken":2,"minecraft:bread":18,"minecraft:spruce_planks":21,"minecraft:wooden_pickaxe":11,"minecraft:iron_sword":11,"minecraft:stone_axe":52,"minecraft:dirt":4,"minecraft:sweet_berries":17,"minecraft:crafting_table":2,"minecraft:white_bed":3},"minecraft:mined":{"minecraft:spruce_stairs":2,"minecraft:hay_block":8,"minecraft:white_bed":4,"minecraft:birch_log":6,"minecraft:wheat":1,"minecraft:sweet_berry_bush":6,"minecraft:spruce_log":18,"minecraft:birch_leaves":2,"minecraft:pumpkin":4,"minecraft:crafting_table":1,"minecraft:grass":17,"minecraft:grass_block":2,"minecraft:oak_log":3,"minecraft:dirt":3,"minecraft:cobweb":3,"minecraft:tall_grass":1,"minecraft:cobblestone":2,"minecraft:spruce_leaves":14,"minecraft:stone":6,"minecraft:sugar_cane":10,"minecraft:spruce_slab":1,"minecraft:oxeye_daisy":1,"minecraft:oak_leaves":2},"minecraft:custom":{"minecraft:time_since_rest":1731,"minecraft:sprint_one_cm":113535,"minecraft:damage_taken":1104,"minecraft:walk_one_cm":77635,"minecraft:mob_kills":3,"minecraft:drop":7,"minecraft:damage_dealt":270,"minecraft:swim_one_cm":19596,"minecraft:interact_with_crafting_table":2,"minecraft:fly_one_cm":408108,"minecraft:open_barrel":6,"minecraft:open_chest":9,"minecraft:crouch_one_cm":1231,"minecraft:play_time":43446,"minecraft:deaths":1,"minecraft:sneak_time":541,"minecraft:bell_ring":6,"minecraft:walk_under_water_one_cm":4060,"minecraft:jump":1677,"minecraft:walk_on_water_one_cm":8431,"minecraft:leave_game":2,"minecraft:time_since_death":11820,"minecraft:sleep_in_bed":3,"minecraft:total_world_time":43446,"minecraft:climb_one_cm":272,"minecraft:fall_one_cm":64193}},"DataVersion":3465}