{"stats":{"minecraft:mined":{"minecraft:dandelion":1,"minecraft:torch":1,"minecraft:crafting_table":3,"minecraft:cornflower":2,"minecraft:granite":23,"minecraft:grass_block":345,"minecraft:tall_grass":50,"minecraft:copper_ore":79,"minecraft:cobblestone":1,"minecraft:lapis_ore":12,"minecraft:diorite":41,"minecraft:oxeye_daisy":1,"farmersdelight:wild_onions":1,"minecraft:tall_seagrass":1,"minecraft:iron_ore":79,"minecraft:wheat":14,"minecraft:andesite":10,"minecraft:grass":172,"minecraft:oak_log":38,"minecraft:coal_ore":87,"minecraft:gravel":3,"minecraft:dripstone_block":2,"minecraft:dirt":33,"minecraft:stone":411,"minecraft:gold_ore":6,"minecraft:oak_leaves":1},"minecraft:broken":{"minecraft:stone_pickaxe":2,"onlyhammersandexcavators:stone_hammer":4,"minecraft:stone_shovel":2,"minecraft:wooden_pickaxe":1},"minecraft:custom":{"minecraft:interact_with_furnace":21,"minecraft:mob_kills":29,"minecraft:animals_bred":1,"minecraft:interact_with_crafting_table":35,"goblintraders:trade_with_goblin":32,"minecraft:leave_game":3,"minecraft:time_since_death":113693,"minecraft:sleep_in_bed":4,"minecraft:time_since_rest":65978,"minecraft:sprint_one_cm":203937,"minecraft:damage_taken":20,"minecraft:walk_one_cm":294489,"minecraft:drop":2,"minecraft:damage_dealt":1000,"minecraft:swim_one_cm":11406,"minecraft:talked_to_villager":1,"minecraft:fly_one_cm":115176,"minecraft:open_chest":17,"minecraft:crouch_one_cm":4949,"minecraft:play_time":113693,"minecraft:sneak_time":1447,"minecraft:walk_under_water_one_cm":7118,"minecraft:jump":787,"minecraft:interact_with_blast_furnace":11,"minecraft:walk_on_water_one_cm":8318,"minecraft:total_world_time":113693,"minecraft:fall_one_cm":12066},"minecraft:killed":{"minecraft:salmon":6,"naturalist:snail":4,"minecraft:sheep":3,"minecraft:chicken":2,"naturalist:bass":14},"minecraft:dropped":{"minecraft:wheat_seeds":1,"minecraft:cobblestone":16},"minecraft:picked_up":{"minecraft:wheat":11,"minecraft:crafting_table":3,"minecraft:allium":2,"minecraft:feather":1,"minecraft:chicken":2,"minecraft:andesite":92,"minecraft:salmon":5,"doggytalents:rice_grains":17,"minecraft:flint":1,"minecraft:oak_log":34,"minecraft:lapis_lazuli":51,"minecraft:dirt":692,"minecraft:cornflower":3,"minecraft:raw_copper":269,"naturalist:bass":14,"minecraft:apple":3,"minecraft:wheat_seeds":79,"minecraft:raw_gold":6,"comforts:sleeping_bag_white":3,"minecraft:stick":8,"minecraft:raw_iron":79,"minecraft:torch":1,"minecraft:dandelion":6,"minecraft:dripstone_block":4,"minecraft:gravel":1,"minecraft:pointed_dripstone":1,"minecraft:diorite":247,"minecraft:slime_ball":2,"farmersdelight:onion":1,"minecraft:granite":49,"minecraft:oak_sapling":22,"minecraft:mutton":4,"minecraft:coal":87,"minecraft:white_wool":3,"minecraft:cobblestone":1226},"minecraft:crafted":{"minecraft:oak_door":3,"minecraft:smooth_stone":5,"minecraft:oak_planks":136,"minecraft:stone_shovel":2,"minecraft:emerald":2,"minecraft:crafting_table":2,"minecraft:iron_helmet":1,"comforts:sleeping_bag_white":1,"minecraft:wooden_pickaxe":1,"minecraft:cooked_chicken":2,"minecraft:furnace":2,"minecraft:blast_furnace":1,"minecraft:copper_ingot":84,"minecraft:stone":5,"minecraft:stone_axe":1,"minecraft:cooked_mutton":4,"minecraft:air":0,"minecraft:iron_boots":1,"minecraft:iron_chestplate":1,"minecraft:stick":44,"onlyhammersandexcavators:stone_excavator":1,"minecraft:iron_ingot":79,"minecraft:iron_pickaxe":1,"minecraft:stone_pickaxe":2,"minecraft:stone_sword":1,"minecraft:chest":1,"minecraft:gold_ingot":6,"minecraft:iron_leggings":1,"mcdw:shield_royal_guard":1,"minecraft:torch":84,"minecraft:stone_hoe":1,"onlyhammersandexcavators:stone_hammer":4},"minecraft:used":{"minecraft:wheat_seeds":53,"minecraft:cooked_mutton":2,"minecraft:stone_sword":37,"minecraft:stone_shovel":389,"minecraft:stone_pickaxe":263,"minecraft:wooden_pickaxe":59,"minecraft:chest":1,"minecraft:cooked_chicken":2,"minecraft:stone_hoe":55,"minecraft:oak_door":1,"minecraft:torch":35,"minecraft:dirt":439,"minecraft:crafting_table":5,"onlyhammersandexcavators:stone_excavator":88,"minecraft:blast_furnace":1,"minecraft:bread":5,"minecraft:iron_pickaxe":100,"onlyhammersandexcavators:stone_hammer":342,"minecraft:stone_axe":41,"minecraft:cobblestone":12,"minecraft:furnace":1,"minecraft:oak_sapling":22,"comforts:sleeping_bag_white":3}},"DataVersion":3465}