{"stats":{"minecraft:picked_up":{"wheelbarrow:copper_wheelbarrow":2,"minecraft:crafting_table":3,"minecraft:coarse_dirt":4,"minecraft:wheat":31,"minecraft:allium":2,"minecraft:azure_bluet":2,"minecraft:chicken":2,"doggytalents:rice_wheat":2,"minecraft:cornflower":4,"minecraft:string":82,"minecraft:oak_trapdoor":18,"minecraft:raw_copper":269,"minecraft:item_frame":5,"minecraft:oak_sign":1,"minecraft:beetroot":1,"comforts:sleeping_bag_white":23,"minecraft:beef":4,"minecraft:redstone_torch":1,"minecraft:cobblestone_slab":10,"minecraft:poppy":3,"minecraft:minecart":1,"minecraft:chest":7,"minecraft:egg":1,"minecraft:stick":24,"minecraft:raw_iron":133,"minecraft:composter":1,"minecraft:torch":8,"minecraft:pointed_dripstone":1,"minecraft:diorite":283,"minecraft:carrot":31,"minecraft:redstone":62,"minecraft:arrow":5,"minecraft:rotten_flesh":10,"minecraft:beetroot_seeds":3,"farmersdelight:tree_bark":6,"farmersdelight:onion":1,"wheelbarrow:exposed_copper_wheelbarrow":2,"minecraft:mutton":4,"minecraft:rail":3,"minecraft:white_wool":21,"minecraft:cobblestone":1927,"minecraft:oxeye_daisy":1,"minecraft:stripped_oak_log":6,"minecraft:feather":1,"minecraft:andesite":232,"minecraft:salmon":5,"minecraft:leather":2,"doggytalents:rice_grains":57,"minecraft:flint":1,"minecraft:oak_log":111,"minecraft:lapis_lazuli":51,"minecraft:dirt":1406,"naturalist:bass":14,"minecraft:bone":4,"minecraft:apple":11,"minecraft:wheat_seeds":198,"minecraft:raw_gold":13,"minecraft:grindstone":1,"naturalist:snail_shell":1,"minecraft:dandelion":16,"minecraft:dripstone_block":6,"minecraft:gravel":45,"minecraft:sand":108,"minecraft:ink_sac":3,"minecraft:slime_ball":4,"minecraft:lever":2,"minecraft:granite":57,"minecraft:oak_sapling":71,"minecraft:coal":153,"minecraft:hopper":24},"minecraft:dropped":{"minecraft:wheat_seeds":3,"minecraft:cobblestone":16,"minecraft:string":8,"minecraft:carrot":41,"minecraft:poppy":1,"doggytalents:rice_grains":1},"minecraft:used":{"minecraft:oak_trapdoor":83,"minecraft:flint_and_steel":2,"minecraft:stone_sword":125,"minecraft:iron_shovel":774,"minecraft:stone_shovel":389,"minecraft:dispenser":1,"minecraft:redstone":12,"minecraft:oak_sign":12,"minecraft:chest":22,"minecraft:stone":1,"mcdw:shield_royal_guard":32,"minecraft:zombie_spawn_egg":1,"doggytalents:rice_grains":17,"minecraft:bell":1,"minecraft:cooked_chicken":2,"minecraft:stone_hoe":180,"minecraft:oak_door":1,"minecraft:torch":93,"minecraft:dirt":1188,"minecraft:anvil":2,"minecraft:white_carpet":12,"minecraft:hopper":54,"minecraft:carrot":211,"minecraft:obsidian":12,"minecraft:glass":69,"minecraft:iron_hoe":137,"minecraft:lava_bucket":3,"wheelbarrow:copper_wheelbarrow":3,"minecraft:villager_spawn_egg":19,"minecraft:hopper_minecart":4,"onlyhammersandexcavators:stone_hammer":535,"minecraft:barrel":16,"minecraft:item_frame":5,"minecraft:tripwire_hook":2,"farmersdelight:cutting_board":1,"minecraft:oak_sapling":62,"minecraft:furnace":1,"minecraft:trapped_chest":2,"minecraft:egg":1,"comforts:sleeping_bag_white":31,"minecraft:cooked_beef":2,"minecraft:wheat_seeds":289,"minecraft:cooked_mutton":4,"minecraft:water_bucket":212,"minecraft:stone_pickaxe":263,"minecraft:powered_rail":4,"minecraft:wooden_pickaxe":59,"minecraft:composter":10,"minecraft:fletching_table":1,"minecraft:cobblestone_slab":34,"minecraft:sand":2,"minecraft:rail":20,"minecraft:oak_slab":7,"minecraft:crafting_table":5,"onlyhammersandexcavators:stone_excavator":140,"minecraft:blast_furnace":1,"minecraft:white_bed":10,"minecraft:shears":154,"minecraft:redstone_torch":3,"minecraft:oak_log":1,"minecraft:sticky_piston":11,"minecraft:lever":14,"minecraft:iron_pickaxe":522,"minecraft:string":75,"minecraft:bread":41,"minecraft:oak_button":2,"wheelbarrow:exposed_copper_wheelbarrow":1,"minecraft:lectern":9,"minecraft:oak_pressure_plate":2,"minecraft:stone_axe":202,"minecraft:cobblestone":471,"minecraft:andesite":25,"minecraft:bucket":81,"minecraft:glass_pane":110,"minecraft:coarse_dirt":4},"minecraft:broken":{"minecraft:iron_shovel":3,"onlyhammersandexcavators:stone_excavator":1,"minecraft:stone_hoe":1,"minecraft:wooden_pickaxe":1,"minecraft:stone_pickaxe":2,"onlyhammersandexcavators:stone_hammer":5,"minecraft:stone_axe":1,"minecraft:iron_pickaxe":2,"minecraft:stone_shovel":2},"minecraft:custom":{"minecraft:interact_with_anvil":1,"minecraft:mob_kills":66,"minecraft:animals_bred":1,"minecraft:inspect_hopper":17,"minecraft:interact_with_crafting_table":114,"minecraft:open_barrel":6,"goblintraders:trade_with_goblin":32,"minecraft:leave_game":15,"minecraft:time_since_death":563920,"minecraft:sprint_one_cm":964315,"minecraft:damage_blocked_by_shield":1710,"minecraft:walk_one_cm":1450293,"minecraft:drop":49,"minecraft:talked_to_villager":7,"minecraft:play_time":563920,"minecraft:sneak_time":16872,"minecraft:walk_under_water_one_cm":14067,"minecraft:jump":3867,"minecraft:interact_with_blast_furnace":32,"minecraft:walk_on_water_one_cm":76372,"minecraft:total_world_time":563920,"minecraft:interact_with_furnace":39,"minecraft:sleep_in_bed":36,"minecraft:time_since_rest":11768,"minecraft:damage_taken":730,"minecraft:trigger_trapped_chest":22,"minecraft:damage_dealt":7201,"minecraft:swim_one_cm":16928,"minecraft:fly_one_cm":779254,"minecraft:open_chest":145,"minecraft:crouch_one_cm":40220,"minecraft:fall_one_cm":67873,"minecraft:inspect_dispenser":2},"minecraft:crafted":{"minecraft:oak_door":3,"minecraft:smooth_stone":18,"minecraft:oak_planks":300,"minecraft:cobblestone_slab":24,"minecraft:stone_shovel":2,"minecraft:oak_sign":9,"minecraft:tripwire_hook":8,"wheelbarrow:copper_wheelbarrow":2,"comforts:sleeping_bag_white":1,"minecraft:cooked_chicken":2,"minecraft:furnace":2,"minecraft:blast_furnace":1,"minecraft:stone":18,"minecraft:lever":1,"minecraft:white_carpet":9,"minecraft:cooked_mutton":4,"minecraft:glass_pane":112,"minecraft:oak_trapdoor":20,"minecraft:hopper":9,"minecraft:glass":106,"minecraft:bow":1,"minecraft:iron_boots":1,"minecraft:iron_hoe":1,"minecraft:stone_pickaxe":2,"minecraft:chest":15,"minecraft:oak_button":2,"mcdw:shield_royal_guard":1,"minecraft:rail":16,"minecraft:stone_hoe":1,"minecraft:name_tag":1,"onlyhammersandexcavators:stone_hammer":6,"minecraft:minecart":1,"minecraft:cooked_beef":3,"minecraft:oak_slab":18,"minecraft:item_frame":1,"minecraft:emerald":2,"minecraft:crafting_table":2,"minecraft:wooden_pickaxe":1,"minecraft:powered_rail":6,"minecraft:iron_helmet":1,"minecraft:copper_ingot":212,"minecraft:bucket":3,"minecraft:stone_axe":1,"minecraft:bread":39,"minecraft:air":0,"minecraft:dispenser":1,"farmersdelight:cutting_board":1,"minecraft:white_wool":6,"minecraft:iron_chestplate":1,"minecraft:paper":2,"minecraft:stick":84,"onlyhammersandexcavators:stone_excavator":1,"minecraft:iron_ingot":133,"minecraft:iron_pickaxe":3,"minecraft:stone_sword":1,"additionaladditions:watering_can":1,"minecraft:iron_shovel":3,"minecraft:gold_ingot":13,"minecraft:iron_leggings":1,"minecraft:white_bed":5,"minecraft:redstone_torch":4,"minecraft:composter":2,"minecraft:torch":92,"minecraft:shears":1},"minecraft:killed":{"minecraft:spider":4,"naturalist:snail":8,"minecraft:skeleton":4,"minecraft:chicken":2,"naturalist:bass":14,"minecraft:drowned":1,"minecraft:salmon":6,"minecraft:sheep":3,"minecraft:zombie":7,"minecraft:villager":14,"minecraft:enderman":1,"minecraft:cow":2},"minecraft:mined":{"minecraft:farmland":1,"farmersdelight:wild_carrots":2,"minecraft:lever":1,"minecraft:granite":24,"minecraft:grass_block":931,"minecraft:composter":1,"minecraft:hopper":24,"minecraft:oak_wall_sign":3,"minecraft:oxeye_daisy":1,"farmersdelight:wild_onions":1,"minecraft:tall_seagrass":1,"minecraft:redstone_ore":16,"minecraft:oak_trapdoor":18,"minecraft:carrots":43,"minecraft:iron_ore":125,"minecraft:andesite":36,"minecraft:dirt_path":3,"minecraft:deepslate_iron_ore":8,"minecraft:cobblestone_slab":10,"minecraft:rail":3,"minecraft:stone":687,"minecraft:redstone_wall_torch":1,"doggytalents:rice_crop":10,"minecraft:tripwire":19,"minecraft:glass_pane":2,"minecraft:dandelion":4,"minecraft:cornflower":2,"minecraft:crafting_table":3,"minecraft:torch":2,"minecraft:chest":7,"minecraft:copper_ore":79,"minecraft:glass":8,"minecraft:tall_grass":59,"minecraft:cobblestone":25,"minecraft:lapis_ore":12,"minecraft:grindstone":1,"minecraft:diorite":68,"minecraft:wall_torch":1,"minecraft:coarse_dirt":4,"minecraft:wheat":207,"minecraft:grass":362,"minecraft:oak_log":118,"minecraft:coal_ore":154,"minecraft:beetroots":1,"minecraft:dripstone_block":2,"minecraft:gravel":47,"minecraft:sand":104,"minecraft:dirt":185,"minecraft:gold_ore":13,"minecraft:oak_leaves":6,"minecraft:deepslate":70}},"DataVersion":3465}