{"stats":{"minecraft:mined":{"minecraft:farmland":1,"minecraft:lever":1,"minecraft:granite":24,"minecraft:grass_block":814,"minecraft:hopper":8,"minecraft:oxeye_daisy":1,"farmersdelight:wild_onions":1,"minecraft:tall_seagrass":1,"minecraft:redstone_ore":16,"minecraft:oak_trapdoor":18,"minecraft:carrots":36,"minecraft:iron_ore":125,"minecraft:andesite":36,"minecraft:deepslate_iron_ore":8,"minecraft:cobblestone_slab":10,"minecraft:dirt_path":3,"minecraft:rail":2,"minecraft:stone":604,"minecraft:tripwire":19,"minecraft:dandelion":4,"minecraft:crafting_table":3,"minecraft:cornflower":2,"minecraft:torch":2,"minecraft:chest":5,"minecraft:glass":6,"minecraft:tall_grass":56,"minecraft:copper_ore":79,"minecraft:cobblestone":16,"minecraft:lapis_ore":12,"minecraft:diorite":68,"minecraft:wall_torch":1,"minecraft:wheat":126,"minecraft:grass":244,"minecraft:oak_log":90,"minecraft:coal_ore":154,"minecraft:beetroots":1,"minecraft:dripstone_block":2,"minecraft:gravel":47,"minecraft:sand":104,"minecraft:dirt":151,"minecraft:gold_ore":13,"minecraft:oak_leaves":5,"minecraft:deepslate":70},"minecraft:dropped":{"minecraft:wheat_seeds":3,"minecraft:cobblestone":16,"minecraft:string":8,"doggytalents:rice_grains":1},"minecraft:broken":{"minecraft:iron_shovel":2,"onlyhammersandexcavators:stone_excavator":1,"minecraft:stone_hoe":1,"minecraft:wooden_pickaxe":1,"minecraft:stone_pickaxe":2,"onlyhammersandexcavators:stone_hammer":5,"minecraft:iron_pickaxe":1,"minecraft:stone_shovel":2},"minecraft:picked_up":{"minecraft:crafting_table":3,"minecraft:wheat":31,"minecraft:allium":2,"minecraft:chicken":2,"minecraft:cornflower":3,"minecraft:string":75,"minecraft:oak_trapdoor":18,"minecraft:raw_copper":269,"minecraft:item_frame":5,"minecraft:beetroot":1,"comforts:sleeping_bag_white":15,"minecraft:beef":4,"minecraft:cobblestone_slab":10,"minecraft:poppy":1,"minecraft:chest":5,"minecraft:egg":1,"minecraft:stick":20,"minecraft:raw_iron":133,"minecraft:torch":5,"minecraft:pointed_dripstone":1,"minecraft:diorite":283,"minecraft:carrot":13,"minecraft:redstone":62,"minecraft:rotten_flesh":10,"minecraft:arrow":5,"minecraft:beetroot_seeds":3,"farmersdelight:onion":1,"minecraft:mutton":4,"minecraft:rail":2,"minecraft:white_wool":21,"minecraft:cobblestone":1835,"minecraft:oxeye_daisy":1,"minecraft:feather":1,"minecraft:andesite":232,"minecraft:salmon":5,"minecraft:leather":2,"doggytalents:rice_grains":28,"minecraft:flint":1,"minecraft:oak_log":86,"minecraft:lapis_lazuli":51,"minecraft:dirt":1256,"naturalist:bass":14,"minecraft:bone":4,"minecraft:apple":9,"minecraft:wheat_seeds":163,"minecraft:raw_gold":13,"naturalist:snail_shell":1,"minecraft:dandelion":10,"minecraft:dripstone_block":6,"minecraft:gravel":45,"minecraft:sand":108,"minecraft:ink_sac":3,"minecraft:slime_ball":4,"minecraft:lever":2,"minecraft:granite":57,"minecraft:oak_sapling":53,"minecraft:coal":153,"minecraft:hopper":8},"minecraft:used":{"minecraft:oak_trapdoor":36,"minecraft:stone_sword":125,"minecraft:iron_shovel":668,"minecraft:stone_shovel":389,"minecraft:dispenser":1,"minecraft:chest":12,"minecraft:cooked_chicken":2,"mcdw:shield_royal_guard":31,"minecraft:stone_hoe":180,"minecraft:oak_door":1,"minecraft:torch":71,"minecraft:dirt":584,"minecraft:hopper":16,"minecraft:carrot":125,"minecraft:iron_hoe":47,"minecraft:glass":29,"onlyhammersandexcavators:stone_hammer":535,"minecraft:item_frame":5,"minecraft:tripwire_hook":2,"minecraft:oak_sapling":53,"minecraft:furnace":1,"minecraft:egg":1,"comforts:sleeping_bag_white":15,"minecraft:wheat_seeds":206,"minecraft:cooked_mutton":4,"minecraft:water_bucket":6,"minecraft:powered_rail":2,"minecraft:stone_pickaxe":263,"minecraft:wooden_pickaxe":59,"minecraft:composter":2,"minecraft:cobblestone_slab":34,"minecraft:sand":2,"minecraft:rail":7,"minecraft:crafting_table":5,"onlyhammersandexcavators:stone_excavator":140,"minecraft:blast_furnace":1,"minecraft:white_bed":5,"minecraft:shears":105,"minecraft:redstone_torch":1,"minecraft:lever":3,"minecraft:string":57,"minecraft:bread":26,"minecraft:iron_pickaxe":413,"minecraft:oak_button":1,"minecraft:stone_axe":109,"minecraft:cobblestone":143,"minecraft:andesite":25,"minecraft:bucket":6},"minecraft:crafted":{"minecraft:oak_door":3,"minecraft:smooth_stone":18,"minecraft:oak_planks":276,"minecraft:cobblestone_slab":24,"minecraft:stone_shovel":2,"minecraft:tripwire_hook":8,"comforts:sleeping_bag_white":1,"minecraft:cooked_chicken":2,"minecraft:furnace":2,"minecraft:blast_furnace":1,"minecraft:stone":18,"minecraft:lever":1,"minecraft:cooked_mutton":4,"minecraft:glass_pane":112,"minecraft:oak_trapdoor":20,"minecraft:hopper":8,"minecraft:glass":106,"minecraft:bow":1,"minecraft:iron_boots":1,"minecraft:iron_hoe":1,"minecraft:stone_pickaxe":2,"minecraft:chest":15,"minecraft:oak_button":1,"mcdw:shield_royal_guard":1,"minecraft:rail":16,"minecraft:stone_hoe":1,"onlyhammersandexcavators:stone_hammer":6,"minecraft:minecart":1,"minecraft:cooked_beef":3,"minecraft:item_frame":1,"minecraft:oak_slab":18,"minecraft:emerald":2,"minecraft:crafting_table":2,"minecraft:iron_helmet":1,"minecraft:wooden_pickaxe":1,"minecraft:powered_rail":6,"minecraft:copper_ingot":212,"minecraft:bucket":3,"minecraft:stone_axe":1,"minecraft:bread":39,"minecraft:air":0,"minecraft:dispenser":1,"minecraft:iron_chestplate":1,"minecraft:stick":80,"onlyhammersandexcavators:stone_excavator":1,"minecraft:iron_ingot":133,"minecraft:iron_pickaxe":2,"minecraft:stone_sword":1,"minecraft:iron_shovel":3,"additionaladditions:watering_can":1,"minecraft:gold_ingot":13,"minecraft:iron_leggings":1,"minecraft:white_bed":5,"minecraft:redstone_torch":4,"minecraft:composter":2,"minecraft:torch":92,"minecraft:shears":1},"minecraft:killed":{"minecraft:spider":4,"naturalist:snail":8,"minecraft:skeleton":4,"minecraft:chicken":2,"naturalist:bass":14,"minecraft:drowned":1,"minecraft:salmon":6,"minecraft:sheep":3,"minecraft:zombie":7,"minecraft:cow":2,"minecraft:enderman":1},"minecraft:custom":{"minecraft:mob_kills":52,"minecraft:animals_bred":1,"minecraft:inspect_hopper":16,"minecraft:interact_with_crafting_table":90,"goblintraders:trade_with_goblin":32,"minecraft:leave_game":7,"minecraft:time_since_death":320878,"minecraft:sprint_one_cm":575639,"minecraft:walk_one_cm":795152,"minecraft:damage_blocked_by_shield":1600,"minecraft:drop":7,"minecraft:talked_to_villager":1,"minecraft:play_time":320878,"minecraft:sneak_time":8185,"minecraft:walk_under_water_one_cm":13704,"minecraft:jump":2171,"minecraft:interact_with_blast_furnace":31,"minecraft:walk_on_water_one_cm":31954,"minecraft:total_world_time":320878,"minecraft:interact_with_furnace":39,"minecraft:sleep_in_bed":17,"minecraft:time_since_rest":5446,"minecraft:damage_taken":502,"minecraft:damage_dealt":4264,"minecraft:swim_one_cm":13972,"minecraft:fly_one_cm":397768,"minecraft:open_chest":106,"minecraft:crouch_one_cm":19260,"minecraft:fall_one_cm":39621,"minecraft:inspect_dispenser":1}},"DataVersion":3465}