{"stats":{"minecraft:custom":{"minecraft:interact_with_anvil":18,"minecraft:mob_kills":115,"minecraft:animals_bred":11,"minecraft:inspect_hopper":17,"minecraft:interact_with_crafting_table":116,"minecraft:open_barrel":6,"goblintraders:trade_with_goblin":32,"minecraft:leave_game":23,"minecraft:time_since_death":961325,"minecraft:sprint_one_cm":1320567,"minecraft:damage_blocked_by_shield":1710,"minecraft:walk_one_cm":2278295,"minecraft:drop":155,"minecraft:talked_to_villager":1047,"minecraft:play_time":961325,"minecraft:sneak_time":37844,"minecraft:walk_under_water_one_cm":14067,"minecraft:jump":4922,"minecraft:interact_with_blast_furnace":32,"minecraft:walk_on_water_one_cm":79195,"minecraft:total_world_time":961325,"minecraft:interact_with_furnace":39,"minecraft:traded_with_villager":307,"minecraft:sleep_in_bed":59,"minecraft:time_since_rest":1026,"minecraft:damage_taken":730,"minecraft:trigger_trapped_chest":27,"minecraft:damage_dealt":16501,"minecraft:swim_one_cm":16928,"minecraft:fly_one_cm":1155929,"minecraft:open_chest":175,"minecraft:crouch_one_cm":89008,"minecraft:fall_one_cm":71277,"minecraft:inspect_dispenser":5},"minecraft:dropped":{"minecraft:enchanted_book":1,"minecraft:iron_sword":9,"minecraft:wheat_seeds":3,"minecraft:cobblestone":16,"minecraft:stick":58,"minecraft:string":8,"minecraft:sugar_cane":93,"minecraft:carrot":41,"minecraft:flint_and_steel":1,"minecraft:poppy":1,"minecraft:golden_sword":1,"doggytalents:rice_grains":1},"minecraft:killed":{"minecraft:spider":6,"naturalist:snail":8,"minecraft:skeleton":4,"minecraft:chicken":2,"naturalist:bass":14,"minecraft:drowned":1,"minecraft:zombie_villager":1,"minecraft:salmon":6,"minecraft:wandering_trader":1,"minecraft:sheep":3,"minecraft:trader_llama":2,"minecraft:zombie":12,"minecraft:villager":52,"minecraft:enderman":1,"minecraft:cow":2},"minecraft:crafted":{"minecraft:oak_door":3,"minecraft:smooth_stone":18,"minecraft:oak_planks":356,"minecraft:stone_shovel":2,"minecraft:cobblestone_slab":24,"minecraft:oak_sign":9,"minecraft:tripwire_hook":8,"wheelbarrow:copper_wheelbarrow":2,"comforts:sleeping_bag_white":1,"minecraft:cooked_chicken":2,"minecraft:furnace":2,"minecraft:blast_furnace":1,"minecraft:stone":18,"minecraft:lever":1,"minecraft:white_carpet":9,"minecraft:cooked_mutton":4,"minecraft:glass_pane":112,"minecraft:oak_trapdoor":20,"minecraft:glass":106,"minecraft:hopper":9,"minecraft:bow":1,"minecraft:iron_boots":1,"minecraft:iron_hoe":1,"minecraft:stone_pickaxe":2,"minecraft:chest":15,"minecraft:oak_button":2,"mcdw:shield_royal_guard":1,"minecraft:rail":16,"minecraft:stone_hoe":1,"minecraft:name_tag":1,"onlyhammersandexcavators:stone_hammer":6,"minecraft:minecart":1,"minecraft:cooked_beef":3,"minecraft:oak_slab":18,"minecraft:item_frame":1,"minecraft:diamond_sword":1,"minecraft:emerald":266,"minecraft:crafting_table":2,"minecraft:wooden_pickaxe":1,"minecraft:powered_rail":6,"minecraft:iron_helmet":1,"minecraft:copper_ingot":212,"minecraft:bucket":3,"minecraft:stone_axe":1,"minecraft:enchanted_book":35,"minecraft:bread":39,"minecraft:air":0,"minecraft:dispenser":1,"farmersdelight:cutting_board":1,"minecraft:iron_chestplate":1,"minecraft:white_wool":6,"minecraft:paper":2,"minecraft:stick":196,"minecraft:gunpowder":8,"onlyhammersandexcavators:stone_excavator":1,"minecraft:iron_ingot":133,"minecraft:iron_pickaxe":3,"minecraft:stone_sword":1,"additionaladditions:watering_can":1,"minecraft:iron_shovel":3,"minecraft:gold_ingot":13,"minecraft:iron_leggings":1,"minecraft:white_bed":5,"minecraft:redstone_torch":4,"minecraft:composter":2,"minecraft:torch":92,"minecraft:shears":1},"minecraft:used":{"minecraft:netherite_sword":100,"minecraft:oak_fence":1,"minecraft:oak_trapdoor":129,"minecraft:iron_shovel":774,"minecraft:stone_sword":125,"minecraft:flint_and_steel":2,"minecraft:stone_shovel":389,"minecraft:dispenser":4,"minecraft:redstone":31,"minecraft:oak_sign":25,"mcdw:shield_royal_guard":32,"minecraft:chest":28,"minecraft:nether_wart":9,"minecraft:iron_sword":38,"minecraft:stone":1,"minecraft:zombie_spawn_egg":7,"doggytalents:rice_grains":17,"minecraft:bell":1,"minecraft:cooked_chicken":2,"minecraft:stone_hoe":180,"minecraft:oak_door":1,"minecraft:torch":173,"minecraft:soul_sand":12,"minecraft:dirt":1190,"minecraft:brewing_stand":1,"minecraft:anvil":3,"minecraft:white_carpet":12,"minecraft:hopper":56,"minecraft:carrot":215,"minecraft:obsidian":12,"minecraft:glass":98,"minecraft:iron_hoe":137,"minecraft:lava_bucket":3,"wheelbarrow:copper_wheelbarrow":3,"minecraft:villager_spawn_egg":80,"minecraft:hopper_minecart":4,"onlyhammersandexcavators:stone_hammer":535,"minecraft:barrel":16,"minecraft:item_frame":5,"minecraft:tripwire_hook":2,"minecraft:golden_sword":53,"farmersdelight:cutting_board":1,"minecraft:oak_sapling":62,"minecraft:furnace":1,"minecraft:trapped_chest":2,"minecraft:egg":1,"comforts:sleeping_bag_white":53,"minecraft:cooked_beef":2,"minecraft:observer":8,"minecraft:cobbled_deepslate":102,"minecraft:wheat_seeds":289,"minecraft:cooked_mutton":4,"minecraft:water_bucket":213,"minecraft:cow_spawn_egg":45,"minecraft:stone_pickaxe":263,"minecraft:powered_rail":4,"minecraft:wooden_pickaxe":59,"minecraft:sugar_cane":8,"minecraft:composter":10,"minecraft:fletching_table":15,"minecraft:cobblestone_slab":34,"minecraft:sand":2,"minecraft:rail":20,"onlyhammersandexcavators:stone_excavator":140,"minecraft:oak_slab":7,"minecraft:crafting_table":5,"minecraft:blast_furnace":1,"minecraft:white_bed":10,"toolleveling:tool_leveling_table":1,"onlyhammersandexcavators:netherite_hammer":104,"minecraft:shears":154,"minecraft:redstone_torch":3,"minecraft:oak_log":1,"minecraft:sticky_piston":21,"minecraft:piston":8,"minecraft:lever":26,"minecraft:iron_pickaxe":1487,"minecraft:string":75,"minecraft:bread":41,"minecraft:oak_button":3,"wheelbarrow:exposed_copper_wheelbarrow":1,"minecraft:lectern":699,"minecraft:oak_pressure_plate":2,"minecraft:stone_axe":202,"minecraft:cobblestone":975,"minecraft:andesite":25,"minecraft:bucket":81,"minecraft:glass_pane":110,"minecraft:coarse_dirt":4,"minecraft:splash_potion":33},"minecraft:picked_up":{"wheelbarrow:copper_wheelbarrow":2,"minecraft:crafting_table":3,"minecraft:coarse_dirt":4,"minecraft:wheat":31,"minecraft:allium":2,"minecraft:azure_bluet":2,"minecraft:chicken":2,"minecraft:lead":2,"doggytalents:rice_wheat":2,"minecraft:golden_sword":1,"minecraft:cornflower":4,"minecraft:string":86,"minecraft:oak_trapdoor":18,"minecraft:raw_copper":269,"minecraft:item_frame":5,"minecraft:beetroot":1,"minecraft:oak_sign":1,"additionaladditions:chicken_nugget":1,"minecraft:cobbled_deepslate":285,"comforts:sleeping_bag_white":25,"minecraft:beef":4,"minecraft:redstone_torch":1,"minecraft:cobblestone_slab":10,"minecraft:poppy":3,"minecraft:minecart":1,"minecraft:sugar_cane":28,"minecraft:chest":7,"minecraft:egg":1,"minecraft:stick":82,"minecraft:raw_iron":147,"minecraft:composter":1,"minecraft:torch":9,"minecraft:pointed_dripstone":1,"minecraft:diorite":283,"minecraft:carrot":31,"minecraft:redstone":123,"minecraft:arrow":5,"minecraft:rotten_flesh":15,"minecraft:beetroot_seeds":3,"farmersdelight:tree_bark":6,"farmersdelight:onion":1,"wheelbarrow:exposed_copper_wheelbarrow":2,"minecraft:mutton":4,"minecraft:rail":3,"minecraft:white_wool":21,"minecraft:cobblestone":1929,"minecraft:oxeye_daisy":1,"minecraft:stripped_oak_log":6,"minecraft:feather":1,"minecraft:andesite":232,"minecraft:salmon":5,"minecraft:leather":3,"doggytalents:rice_grains":57,"minecraft:flint":1,"minecraft:oak_log":111,"minecraft:lapis_lazuli":51,"minecraft:dirt":1406,"naturalist:bass":14,"minecraft:bone":4,"minecraft:apple":11,"minecraft:wheat_seeds":199,"minecraft:raw_gold":27,"minecraft:grindstone":1,"naturalist:snail_shell":1,"minecraft:iron_sword":9,"minecraft:dandelion":16,"minecraft:dripstone_block":6,"minecraft:gravel":45,"minecraft:sand":108,"minecraft:ink_sac":3,"minecraft:spider_eye":1,"minecraft:slime_ball":4,"minecraft:diamond":60,"minecraft:lever":2,"minecraft:granite":57,"minecraft:baked_potato":1,"minecraft:oak_sapling":71,"minecraft:coal":195,"minecraft:hopper":24},"minecraft:mined":{"minecraft:tuff":78,"minecraft:farmland":1,"minecraft:deepslate_diamond_ore":31,"farmersdelight:wild_carrots":2,"minecraft:lever":1,"minecraft:granite":24,"minecraft:grass_block":931,"minecraft:composter":1,"minecraft:hopper":24,"minecraft:oxeye_daisy":1,"minecraft:oak_wall_sign":3,"farmersdelight:wild_onions":1,"minecraft:tall_seagrass":1,"minecraft:redstone_ore":16,"minecraft:oak_trapdoor":18,"minecraft:carrots":43,"minecraft:iron_ore":125,"minecraft:cobbled_deepslate":9,"minecraft:andesite":36,"minecraft:dirt_path":3,"minecraft:cobblestone_slab":10,"minecraft:deepslate_iron_ore":18,"minecraft:rail":3,"minecraft:stone":687,"minecraft:redstone_wall_torch":1,"doggytalents:rice_crop":10,"minecraft:tripwire":19,"minecraft:deepslate_redstone_ore":11,"minecraft:glass_pane":2,"minecraft:dandelion":4,"minecraft:cornflower":2,"minecraft:crafting_table":3,"minecraft:torch":2,"minecraft:chest":7,"minecraft:copper_ore":79,"minecraft:glass":8,"minecraft:tall_grass":59,"minecraft:cobblestone":27,"minecraft:deepslate_gold_ore":8,"minecraft:lapis_ore":12,"minecraft:grindstone":1,"minecraft:diorite":68,"minecraft:wall_torch":1,"minecraft:coarse_dirt":4,"minecraft:wheat":207,"minecraft:grass":362,"minecraft:oak_log":118,"minecraft:coal_ore":170,"minecraft:beetroots":1,"minecraft:gravel":47,"minecraft:sand":104,"minecraft:dripstone_block":2,"minecraft:dirt":185,"minecraft:gold_ore":13,"minecraft:oak_leaves":6,"minecraft:deepslate":974},"minecraft:broken":{"minecraft:iron_shovel":3,"onlyhammersandexcavators:stone_excavator":1,"minecraft:stone_hoe":1,"minecraft:wooden_pickaxe":1,"minecraft:stone_pickaxe":2,"onlyhammersandexcavators:stone_hammer":5,"minecraft:stone_axe":1,"minecraft:iron_pickaxe":2,"minecraft:stone_shovel":2}},"DataVersion":3465}