{
  "minecraft:recipes/decorations/crafting_table": {
    "criteria": {
      "unlock_right_away": "2024-05-12 03:31:17 +0000"
    },
    "done": true
  },
  "minecraft:adventure/adventuring_time": {
    "criteria": {
      "minecraft:old_growth_pine_taiga": "2024-05-12 04:00:49 +0000",
      "minecraft:taiga": "2024-05-12 03:59:52 +0000",
      "minecraft:frozen_river": "2024-05-12 04:01:01 +0000",
      "minecraft:beach": "2024-05-12 04:12:07 +0000",
      "minecraft:river": "2024-05-12 03:58:34 +0000",
      "minecraft:forest": "2024-05-12 03:59:20 +0000",
      "minecraft:lush_caves": "2024-05-12 04:04:18 +0000",
      "minecraft:old_growth_spruce_taiga": "2024-05-12 04:05:21 +0000",
      "minecraft:snowy_beach": "2024-05-12 04:12:04 +0000",
      "minecraft:plains": "2024-05-12 03:31:19 +0000"
    },
    "done": false
  },
  "toolleveling:recipes/tool_leveling_table": {
    "criteria": {
      "has_enchanting_table": "2024-05-12 03:31:52 +0000"
    },
    "done": true
  },
  "naturalist:recipes/food/cooked_egg": {
    "criteria": {
      "has_eggs": "2024-05-12 03:31:52 +0000"
    },
    "done": true
  },
  "farmersdelight:main/root": {
    "criteria": {
      "seeds": "2024-05-12 03:31:52 +0000"
    },
    "done": true
  },
  "minecraft:recipes/redstone/target": {
    "criteria": {
      "has_hay_block": "2024-05-12 03:32:10 +0000"
    },
    "done": true
  },
  "minecraft:recipes/misc/wheat": {
    "criteria": {
      "has_hay_block": "2024-05-12 03:32:10 +0000"
    },
    "done": true
  },
  "mcdw:recipes/swords/sword_hawkbrand_vanilla_sword": {
    "criteria": {
      "has_base": "2024-05-12 03:32:25 +0000"
    },
    "done": true
  },
  "minecraft:story/obtain_armor": {
    "criteria": {
      "iron_helmet": "2024-05-12 03:32:25 +0000"
    },
    "done": true
  },
  "minecraft:recipes/misc/iron_nugget_from_smelting": {
    "criteria": {
      "has_iron_helmet": "2024-05-12 03:32:25 +0000"
    },
    "done": true
  },
  "mcdw:recipes/soul_daggers/soul_dagger_truthseeker_vanilla_sword": {
    "criteria": {
      "has_base": "2024-05-12 03:32:25 +0000"
    },
    "done": true
  },
  "mcdw:recipes/swords/sword_iron_sword_var": {
    "criteria": {
      "has_iron_sword": "2024-05-12 03:32:25 +0000"
    },
    "done": true
  },
  "mcdw:recipes/swords/sword_hawkbrand": {
    "criteria": {
      "has_the_recipe": "2024-05-12 03:32:25 +0000"
    },
    "done": true
  },
  "mcdw:recipes/glaives/spear_glaive": {
    "criteria": {
      "has_the_recipe": "2024-05-12 03:32:25 +0000"
    },
    "done": true
  },
  "mcdw:recipes/soul_daggers/soul_dagger_truthseeker": {
    "criteria": {
      "has_the_recipe": "2024-05-12 03:32:25 +0000"
    },
    "done": true
  },
  "minecraft:recipes/misc/iron_nugget_from_blasting": {
    "criteria": {
      "has_iron_helmet": "2024-05-12 03:32:25 +0000"
    },
    "done": true
  },
  "mcdw:recipes/glaives/spear_glaive_vanilla_sword": {
    "criteria": {
      "has_iron_sword": "2024-05-12 03:32:25 +0000"
    },
    "done": true
  },
  "mcdw:recipes/daggers/dagger_void_touched_blade": {
    "criteria": {
      "has_obsidian": "2024-05-12 03:32:26 +0000"
    },
    "done": true
  },
  "mcdw:recipes/daggers/dagger_the_beginning": {
    "criteria": {
      "has_obsidian": "2024-05-12 03:32:26 +0000"
    },
    "done": true
  },
  "mcdw:recipes/swords/sword_obsidian_claymore": {
    "criteria": {
      "has_obsidian": "2024-05-12 03:32:26 +0000"
    },
    "done": true
  },
  "mcdw:recipes/daggers/dagger_the_end": {
    "criteria": {
      "has_obsidian": "2024-05-12 03:32:26 +0000"
    },
    "done": true
  },
  "minecraft:recipes/tools/flint_and_steel": {
    "criteria": {
      "has_obsidian": "2024-05-12 03:32:26 +0000"
    },
    "done": true
  },
  "mcdw:recipes/swords/sword_sinister": {
    "criteria": {
      "has_obsidian": "2024-05-12 03:32:26 +0000"
    },
    "done": true
  },
  "minecraft:story/form_obsidian": {
    "criteria": {
      "obsidian": "2024-05-12 03:32:26 +0000"
    },
    "done": true
  },
  "mcdw:recipes/daggers/dagger_backstabber": {
    "criteria": {
      "has_obsidian": "2024-05-12 03:32:26 +0000"
    },
    "done": true
  },
  "minecraft:recipes/decorations/enchanting_table": {
    "criteria": {
      "has_obsidian": "2024-05-12 03:32:26 +0000"
    },
    "done": true
  },
  "farmersdelight:recipes/cooking/apple_cider": {
    "criteria": {
      "has_apple": "2024-05-12 03:32:28 +0000"
    },
    "done": true
  },
  "naturescompass:natures_compass_log": {
    "criteria": {
      "has_recipe": "2024-05-12 03:32:28 +0000"
    },
    "done": true
  },
  "naturescompass:natures_compass_sapling": {
    "criteria": {
      "has_sapling": "2024-05-12 03:32:28 +0000"
    },
    "done": true
  },
  "doggytalents:recipes/decorations/baker_hat": {
    "criteria": {
      "has_bread": "2024-05-12 03:32:51 +0000"
    },
    "done": true
  },
  "doggytalents:recipes/decorations/hot_dog": {
    "criteria": {
      "has_bread": "2024-05-12 03:32:51 +0000"
    },
    "done": true
  },
  "minecraft:recipes/food/baked_potato_from_campfire_cooking": {
    "criteria": {
      "has_potato": "2024-05-12 03:32:52 +0000"
    },
    "done": true
  },
  "minecraft:recipes/food/baked_potato": {
    "criteria": {
      "has_potato": "2024-05-12 03:32:52 +0000"
    },
    "done": true
  },
  "minecraft:recipes/decorations/chest": {
    "criteria": {
      "has_lots_of_items": "2024-05-12 03:32:52 +0000"
    },
    "done": true
  },
  "farmersdelight:recipes/cooking/baked_cod_stew": {
    "criteria": {
      "has_any_ingredient": "2024-05-12 03:32:52 +0000"
    },
    "done": true
  },
  "farmersdelight:recipes/cooking/beef_stew": {
    "criteria": {
      "has_any_ingredient": "2024-05-12 03:32:52 +0000"
    },
    "done": true
  },
  "minecraft:recipes/food/baked_potato_from_smoking": {
    "criteria": {
      "has_potato": "2024-05-12 03:32:52 +0000"
    },
    "done": true
  },
  "farmersdelight:recipes/cooking/fish_stew": {
    "criteria": {
      "has_any_ingredient": "2024-05-12 03:32:53 +0000"
    },
    "done": true
  },
  "farmersdelight:main/get_fd_seed": {
    "criteria": {
      "onion": "2024-05-12 03:32:53 +0000"
    },
    "done": true
  },
  "farmersdelight:recipes/food/barbecue_stick": {
    "criteria": {
      "has_onion": "2024-05-12 03:32:53 +0000"
    },
    "done": true
  },
  "farmersdelight:recipes/cooking/fried_rice": {
    "criteria": {
      "has_any_ingredient": "2024-05-12 03:32:53 +0000"
    },
    "done": true
  },
  "farmersdelight:recipes/cooking/dumplings": {
    "criteria": {
      "has_any_ingredient": "2024-05-12 03:32:53 +0000"
    },
    "done": true
  },
  "farmersdelight:recipes/cooking/ratatouille": {
    "criteria": {
      "has_any_ingredient": "2024-05-12 03:32:53 +0000"
    },
    "done": true
  },
  "farmersdelight:recipes/building_blocks/onion_crate": {
    "criteria": {
      "has_onion": "2024-05-12 03:32:53 +0000"
    },
    "done": true
  },
  "farmersdelight:recipes/cooking/vegetable_soup": {
    "criteria": {
      "has_any_ingredient": "2024-05-12 03:32:53 +0000"
    },
    "done": true
  },
  "minecraft:recipes/building_blocks/bookshelf": {
    "criteria": {
      "has_book": "2024-05-12 03:33:21 +0000"
    },
    "done": true
  },
  "minecraft:recipes/redstone/lectern": {
    "criteria": {
      "has_book": "2024-05-12 03:33:21 +0000"
    },
    "done": true
  },
  "minecraft:recipes/building_blocks/chiseled_bookshelf": {
    "criteria": {
      "has_book": "2024-05-12 03:33:21 +0000"
    },
    "done": true
  },
  "minecraft:recipes/misc/writable_book": {
    "criteria": {
      "has_book": "2024-05-12 03:33:21 +0000"
    },
    "done": true
  },
  "minecraft:recipes/redstone/lever": {
    "criteria": {
      "has_cobblestone": "2024-05-12 03:55:43 +0000"
    },
    "done": true
  },
  "minecraft:recipes/decorations/ladder": {
    "criteria": {
      "has_stick": "2024-05-12 03:55:23 +0000"
    },
    "done": true
  },
  "mcdw:recipes/crossbows/crossbow_auto": {
    "criteria": {
      "has_string": "2024-05-12 04:03:16 +0000"
    },
    "done": true
  },
  "mcdw:recipes/bows/bow_hunters_promise": {
    "criteria": {
      "has_feather": "2024-05-12 04:07:56 +0000"
    },
    "done": true
  },
  "mcdw:recipes/crossbows/crossbow_butterfly": {
    "criteria": {
      "has_string": "2024-05-12 04:03:16 +0000"
    },
    "done": true
  },
  "mcdw:recipes/crossbows/crossbow_slayer": {
    "criteria": {
      "has_string": "2024-05-12 04:03:16 +0000"
    },
    "done": true
  },
  "minecraft:recipes/food/cooked_chicken_from_campfire_cooking": {
    "criteria": {
      "has_chicken": "2024-05-12 04:07:56 +0000"
    },
    "done": true
  },
  "mcdw:recipes/bows/bow_green_menace": {
    "criteria": {
      "has_string": "2024-05-12 04:03:16 +0000"
    },
    "done": true
  },
  "farmersdelight:recipes/cooking/stuffed_pumpkin_block": {
    "criteria": {
      "has_pumpkin": "2024-05-12 04:00:25 +0000"
    },
    "done": true
  },
  "mcdw:recipes/crossbows/crossbow_slicer": {
    "criteria": {
      "has_string": "2024-05-12 04:03:16 +0000"
    },
    "done": true
  },
  "minecraft:recipes/decorations/oak_sign": {
    "criteria": {
      "has_planks": "2024-05-12 03:55:20 +0000"
    },
    "done": true
  },
  "minecraft:recipes/redstone/oak_trapdoor": {
    "criteria": {
      "has_planks": "2024-05-12 03:55:20 +0000"
    },
    "done": true
  },
  "mcdw:recipes/longbows/bow_longbow": {
    "criteria": {
      "has_string": "2024-05-12 04:03:16 +0000"
    },
    "done": true
  },
  "minecraft:recipes/combat/stone_sword": {
    "criteria": {
      "has_cobblestone": "2024-05-12 03:55:43 +0000"
    },
    "done": true
  },
  "minecraft:recipes/decorations/cobblestone_wall": {
    "criteria": {
      "has_cobblestone": "2024-05-12 03:55:43 +0000"
    },
    "done": true
  },
  "minecraft:recipes/food/cooked_chicken": {
    "criteria": {
      "has_chicken": "2024-05-12 04:07:56 +0000"
    },
    "done": true
  },
  "minecraft:recipes/tools/stone_axe": {
    "criteria": {
      "has_cobblestone": "2024-05-12 03:55:43 +0000"
    },
    "done": true
  },
  "mcdw:recipes/bows/bow_pink_scoundrel": {
    "criteria": {
      "has_string": "2024-05-12 04:03:16 +0000"
    },
    "done": true
  },
  "mcdw:recipes/bows/bow_twin_bow": {
    "criteria": {
      "has_base_bow": "2024-05-12 04:02:29 +0000"
    },
    "done": true
  },
  "mcdw:recipes/shields/shield_vanguard": {
    "criteria": {
      "has_planks": "2024-05-12 03:55:20 +0000"
    },
    "done": true
  },
  "farmersdelight:recipes/combat/flint_knife": {
    "criteria": {
      "has_stick": "2024-05-12 03:55:23 +0000"
    },
    "done": true
  },
  "mcdw:recipes/bows/bow_masters_bow": {
    "criteria": {
      "has_string": "2024-05-12 04:03:16 +0000"
    },
    "done": true
  },
  "doggytalents:recipes/decorations/pianist_suit": {
    "criteria": {
      "has_string": "2024-05-12 04:03:16 +0000"
    },
    "done": true
  },
  "minecraft:recipes/combat/bow": {
    "criteria": {
      "has_string": "2024-05-12 04:03:16 +0000"
    },
    "done": true
  },
  "doggytalents:recipes/decorations/bowtie": {
    "criteria": {
      "has_string": "2024-05-12 04:03:16 +0000"
    },
    "done": true
  },
  "minecraft:story/mine_stone": {
    "criteria": {
      "get_stone": "2024-05-12 03:55:43 +0000"
    },
    "done": true
  },
  "minecraft:recipes/decorations/furnace": {
    "criteria": {
      "has_cobblestone": "2024-05-12 03:55:43 +0000"
    },
    "done": true
  },
  "doggytalents:recipes/decorations/witch_hat": {
    "criteria": {
      "has_potion": "2024-05-12 04:02:36 +0000"
    },
    "done": true
  },
  "doggytalents:recipes/decorations/sunglasses": {
    "criteria": {
      "has_stick": "2024-05-12 03:55:23 +0000"
    },
    "done": true
  },
  "mcdw:recipes/whips/whip_vine_whip": {
    "criteria": {
      "has_string": "2024-05-12 04:03:16 +0000"
    },
    "done": true
  },
  "minecraft:recipes/tools/wooden_axe": {
    "criteria": {
      "has_stick": "2024-05-12 03:55:23 +0000"
    },
    "done": true
  },
  "minecraft:recipes/decorations/spruce_sign": {
    "criteria": {
      "has_planks": "2024-05-12 04:01:53 +0000"
    },
    "done": true
  },
  "forgottengraves:recipes/grave": {
    "criteria": {
      "has_cobblestone": "2024-05-12 03:55:43 +0000"
    },
    "done": true
  },
  "farmersdelight:recipes/cooking/noodle_soup": {
    "criteria": {
      "has_any_ingredient": "2024-05-12 03:58:52 +0000"
    },
    "done": true
  },
  "mcdw:recipes/bows/bow_trickbow": {
    "criteria": {
      "has_string": "2024-05-12 04:03:16 +0000"
    },
    "done": true
  },
  "minecraft:recipes/combat/arrow": {
    "criteria": {
      "has_feather": "2024-05-12 04:07:56 +0000"
    },
    "done": true
  },
  "mcdw:recipes/hammers/hammer_boneclub": {
    "criteria": {
      "has_string": "2024-05-12 04:03:16 +0000"
    },
    "done": true
  },
  "farmersdelight:recipes/cooking/chicken_soup": {
    "criteria": {
      "has_any_ingredient": "2024-05-12 04:07:56 +0000"
    },
    "done": true
  },
  "minecraft:recipes/decorations/composter": {
    "criteria": {
      "has_wood_slab": "2024-05-12 04:03:40 +0000"
    },
    "done": true
  },
  "doggytalents:recipes/food/uncooked_rice_bowl": {
    "criteria": {
      "has_dtn_rice_grains": "2024-05-12 03:53:19 +0000"
    },
    "done": true
  },
  "doggytalents:recipes/decorations/guard_suit": {
    "criteria": {
      "has_string": "2024-05-12 04:03:16 +0000"
    },
    "done": true
  },
  "doggytalents:recipes/decorations/giant_stick": {
    "criteria": {
      "has_stick": "2024-05-12 03:55:23 +0000"
    },
    "done": true
  },
  "minecraft:recipes/tools/fishing_rod": {
    "criteria": {
      "has_string": "2024-05-12 04:03:16 +0000"
    },
    "done": true
  },
  "uncraftables:recipes/name_tag": {
    "criteria": {
      "has_string": "2024-05-12 04:03:16 +0000"
    },
    "done": true
  },
  "minecraft:recipes/misc/pumpkin_seeds": {
    "criteria": {
      "has_pumpkin": "2024-05-12 04:00:25 +0000"
    },
    "done": true
  },
  "mcdw:recipes/crossbows/crossbow_corrupted_crossbow": {
    "criteria": {
      "has_string": "2024-05-12 04:03:16 +0000"
    },
    "done": true
  },
  "minecraft:recipes/misc/stick": {
    "criteria": {
      "has_planks": "2024-05-12 03:55:20 +0000"
    },
    "done": true
  },
  "mcdw:recipes/bows/bow_wind_bow": {
    "criteria": {
      "has_string": "2024-05-12 04:03:16 +0000"
    },
    "done": true
  },
  "minecraft:adventure/sleep_in_bed": {
    "criteria": {
      "slept_in_bed": "2024-05-12 03:53:04 +0000"
    },
    "done": true
  },
  "minecraft:recipes/building_blocks/cobblestone_slab_from_cobblestone_stonecutting": {
    "criteria": {
      "has_cobblestone": "2024-05-12 03:55:43 +0000"
    },
    "done": true
  },
  "minecraft:recipes/building_blocks/oak_stairs": {
    "criteria": {
      "has_planks": "2024-05-12 03:55:20 +0000"
    },
    "done": true
  },
  "minecraft:recipes/transportation/cherry_boat": {
    "criteria": {
      "in_water": "2024-05-12 03:48:28 +0000"
    },
    "done": true
  },
  "minecraft:recipes/building_blocks/birch_wood": {
    "criteria": {
      "has_log": "2024-05-12 03:59:23 +0000"
    },
    "done": true
  },
  "minecraft:recipes/decorations/oak_fence": {
    "criteria": {
      "has_planks": "2024-05-12 03:55:20 +0000"
    },
    "done": true
  },
  "minecraft:recipes/food/cooked_porkchop_from_campfire_cooking": {
    "criteria": {
      "has_porkchop": "2024-05-12 03:58:52 +0000"
    },
    "done": true
  },
  "farmersdelight:recipes/cooking/pumpkin_soup": {
    "criteria": {
      "has_any_ingredient": "2024-05-12 03:58:52 +0000"
    },
    "done": true
  },
  "doggytalents:recipes/decorations/locator_orb_rei": {
    "criteria": {
      "has_string": "2024-05-12 04:03:16 +0000"
    },
    "done": true
  },
  "minecraft:recipes/building_blocks/spruce_wood": {
    "criteria": {
      "has_log": "2024-05-12 04:00:03 +0000"
    },
    "done": true
  },
  "minecraft:recipes/redstone/tripwire_hook": {
    "criteria": {
      "has_string": "2024-05-12 04:03:16 +0000"
    },
    "done": true
  },
  "mcdw:recipes/bows/bow_soul_bow": {
    "criteria": {
      "has_base_bow": "2024-05-12 04:02:29 +0000"
    },
    "done": true
  },
  "minecraft:recipes/building_blocks/stone": {
    "criteria": {
      "has_cobblestone": "2024-05-12 03:55:43 +0000"
    },
    "done": true
  },
  "minecraft:recipes/transportation/bamboo_raft": {
    "criteria": {
      "in_water": "2024-05-12 03:48:28 +0000"
    },
    "done": true
  },
  "doggytalents:recipes/decorations/wig": {
    "criteria": {
      "has_string": "2024-05-12 04:03:16 +0000"
    },
    "done": true
  },
  "mcdw:recipes/double_axes/double_axe_whirlwind": {
    "criteria": {
      "has_feather": "2024-05-12 04:07:56 +0000"
    },
    "done": true
  },
  "mcdw:recipes/crossbows/crossbow_scatter": {
    "criteria": {
      "has_oak_planks": "2024-05-12 03:55:20 +0000"
    },
    "done": true
  },
  "minecraft:recipes/decorations/candle": {
    "criteria": {
      "has_string": "2024-05-12 04:03:16 +0000"
    },
    "done": true
  },
  "mcdw:recipes/bows/bow_bonebow": {
    "criteria": {
      "has_string": "2024-05-12 04:03:16 +0000"
    },
    "done": true
  },
  "minecraft:recipes/transportation/spruce_boat": {
    "criteria": {
      "in_water": "2024-05-12 03:48:28 +0000"
    },
    "done": true
  },
  "mcdw:recipes/shortbows/bow_love_spell_bow": {
    "criteria": {
      "has_string": "2024-05-12 04:03:16 +0000"
    },
    "done": true
  },
  "mcdw:recipes/bows/bow_elite_power_bow": {
    "criteria": {
      "has_string": "2024-05-12 04:03:16 +0000"
    },
    "done": true
  },
  "mcdw:recipes/bows/bow_bubble_burster": {
    "criteria": {
      "has_string": "2024-05-12 04:03:16 +0000"
    },
    "done": true
  },
  "minecraft:husbandry/root": {
    "criteria": {
      "consumed_item": "2024-05-12 03:48:50 +0000"
    },
    "done": true
  },
  "minecraft:recipes/transportation/birch_boat": {
    "criteria": {
      "in_water": "2024-05-12 03:48:28 +0000"
    },
    "done": true
  },
  "mcdw:recipes/longbows/bow_guardian_bow": {
    "criteria": {
      "has_string": "2024-05-12 04:03:16 +0000"
    },
    "done": true
  },
  "mcdw:recipes/crossbows/crossbow_voidcaller_crossbow": {
    "criteria": {
      "has_string": "2024-05-12 04:03:16 +0000"
    },
    "done": true
  },
  "minecraft:recipes/decorations/spruce_fence": {
    "criteria": {
      "has_planks": "2024-05-12 04:01:53 +0000"
    },
    "done": true
  },
  "mcdw:recipes/crossbows/crossbow_azure_seeker": {
    "criteria": {
      "has_string": "2024-05-12 04:03:16 +0000"
    },
    "done": true
  },
  "minecraft:recipes/transportation/oak_boat": {
    "criteria": {
      "in_water": "2024-05-12 03:48:28 +0000"
    },
    "done": true
  },
  "farmersdelight:main/plant_all_crops": {
    "criteria": {
      "sweet_berries": "2024-05-12 04:10:18 +0000"
    },
    "done": false
  },
  "minecraft:recipes/misc/paper": {
    "criteria": {
      "has_reeds": "2024-05-12 03:58:39 +0000"
    },
    "done": true
  },
  "mcdw:recipes/crossbows/crossbow_shadow_crossbow": {
    "criteria": {
      "has_string": "2024-05-12 04:03:16 +0000"
    },
    "done": true
  },
  "minecraft:recipes/building_blocks/spruce_slab": {
    "criteria": {
      "has_planks": "2024-05-12 04:01:53 +0000"
    },
    "done": true
  },
  "doggytalents:recipes/decorations/locator_orb_shin": {
    "criteria": {
      "has_string": "2024-05-12 04:03:16 +0000"
    },
    "done": true
  },
  "mcdw:recipes/bows/bow_bubble_bow": {
    "criteria": {
      "has_bow": "2024-05-12 04:02:29 +0000"
    },
    "done": true
  },
  "minecraft:recipes/redstone/oak_button": {
    "criteria": {
      "has_planks": "2024-05-12 03:55:20 +0000"
    },
    "done": true
  },
  "mcdw:recipes/crossbows/crossbow_burst": {
    "criteria": {
      "has_string": "2024-05-12 04:03:16 +0000"
    },
    "done": true
  },
  "minecraft:recipes/food/pumpkin_pie": {
    "criteria": {
      "has_pumpkin": "2024-05-12 04:00:25 +0000"
    },
    "done": true
  },
  "doggytalents:recipes/tools/empty_locator_orb": {
    "criteria": {
      "has_string": "2024-05-12 04:03:16 +0000"
    },
    "done": true
  },
  "minecraft:recipes/transportation/mangrove_boat": {
    "criteria": {
      "in_water": "2024-05-12 03:48:28 +0000"
    },
    "done": true
  },
  "minecraft:recipes/redstone/spruce_button": {
    "criteria": {
      "has_planks": "2024-05-12 04:01:53 +0000"
    },
    "done": true
  },
  "minecraft:recipes/decorations/torch": {
    "criteria": {
      "has_stone_pickaxe": "2024-05-12 03:56:16 +0000"
    },
    "done": true
  },
  "minecraft:recipes/misc/flower_banner_pattern": {
    "criteria": {
      "has_oxeye_daisy": "2024-05-12 03:58:19 +0000"
    },
    "done": true
  },
  "doggytalents:recipes/decorations/bach_wig": {
    "criteria": {
      "has_string": "2024-05-12 04:03:16 +0000"
    },
    "done": true
  },
  "mcdw:recipes/bows/bow_hunting_bow": {
    "criteria": {
      "has_base_bow": "2024-05-12 04:02:29 +0000"
    },
    "done": true
  },
  "minecraft:recipes/building_blocks/spruce_planks": {
    "criteria": {
      "has_logs": "2024-05-12 04:00:03 +0000"
    },
    "done": true
  },
  "minecraft:recipes/food/cooked_porkchop": {
    "criteria": {
      "has_porkchop": "2024-05-12 03:58:52 +0000"
    },
    "done": true
  },
  "minecraft:recipes/building_blocks/oak_slab": {
    "criteria": {
      "has_planks": "2024-05-12 03:55:20 +0000"
    },
    "done": true
  },
  "doggytalents:recipes/decorations/tengu_mask": {
    "criteria": {
      "has_string": "2024-05-12 04:03:16 +0000"
    },
    "done": true
  },
  "mcdw:recipes/bows/bow_winters_touch": {
    "criteria": {
      "has_string": "2024-05-12 04:03:16 +0000"
    },
    "done": true
  },
  "mcdw:recipes/whips/whip_whip": {
    "criteria": {
      "has_string": "2024-05-12 04:03:16 +0000"
    },
    "done": true
  },
  "minecraft:recipes/building_blocks/birch_planks": {
    "criteria": {
      "has_logs": "2024-05-12 03:59:23 +0000"
    },
    "done": true
  },
  "minecraft:recipes/redstone/spruce_pressure_plate": {
    "criteria": {
      "has_planks": "2024-05-12 04:01:53 +0000"
    },
    "done": true
  },
  "doggytalents:recipes/tools/feathered_mantle": {
    "criteria": {
      "has_feather": "2024-05-12 04:07:56 +0000"
    },
    "done": true
  },
  "minecraft:recipes/tools/stone_pickaxe": {
    "criteria": {
      "has_cobblestone": "2024-05-12 03:55:43 +0000"
    },
    "done": true
  },
  "mcdw:recipes/crossbows/crossbow_exploding": {
    "criteria": {
      "has_string": "2024-05-12 04:03:16 +0000"
    },
    "done": true
  },
  "mcdw:recipes/crossbows/crossbow_soul": {
    "criteria": {
      "has_string": "2024-05-12 04:03:16 +0000"
    },
    "done": true
  },
  "mcdw:recipes/crossbows/crossbow_feral_soul": {
    "criteria": {
      "has_string": "2024-05-12 04:03:16 +0000"
    },
    "done": true
  },
  "mcdw:recipes/shortbows/bow_shortbow": {
    "criteria": {
      "has_string": "2024-05-12 04:03:16 +0000"
    },
    "done": true
  },
  "minecraft:recipes/decorations/campfire": {
    "criteria": {
      "has_stick": "2024-05-12 03:55:23 +0000"
    },
    "done": true
  },
  "minecraft:recipes/misc/sugar_from_sugar_cane": {
    "criteria": {
      "has_sugar_cane": "2024-05-12 03:58:39 +0000"
    },
    "done": true
  },
  "uncraftables:recipes/dead_bush": {
    "criteria": {
      "has_stick": "2024-05-12 03:55:23 +0000"
    },
    "done": true
  },
  "minecraft:recipes/tools/wooden_hoe": {
    "criteria": {
      "has_stick": "2024-05-12 03:55:23 +0000"
    },
    "done": true
  },
  "mcdw:recipes/longbows/bow_red_snake": {
    "criteria": {
      "has_string": "2024-05-12 04:03:16 +0000"
    },
    "done": true
  },
  "minecraft:recipes/food/cooked_chicken_from_smoking": {
    "criteria": {
      "has_chicken": "2024-05-12 04:07:56 +0000"
    },
    "done": true
  },
  "minecraft:recipes/redstone/oak_fence_gate": {
    "criteria": {
      "has_planks": "2024-05-12 03:55:20 +0000"
    },
    "done": true
  },
  "minecraft:recipes/misc/charcoal": {
    "criteria": {
      "has_log": "2024-05-12 03:55:15 +0000"
    },
    "done": true
  },
  "doggytalents:recipes/decorations/locator_orb_jin": {
    "criteria": {
      "has_string": "2024-05-12 04:03:16 +0000"
    },
    "done": true
  },
  "minecraft:recipes/tools/wooden_pickaxe": {
    "criteria": {
      "has_stick": "2024-05-12 03:55:23 +0000"
    },
    "done": true
  },
  "mcdw:recipes/shortbows/bow_mechanical_shortbow": {
    "criteria": {
      "has_string": "2024-05-12 04:03:16 +0000"
    },
    "done": true
  },
  "mcdw:recipes/bows/bow_haunted_bow": {
    "criteria": {
      "has_base_bow": "2024-05-12 04:02:29 +0000"
    },
    "done": true
  },
  "doggytalents:recipes/food/training_treat": {
    "criteria": {
      "has_dtn_rice_grains": "2024-05-12 03:53:19 +0000"
    },
    "done": true
  },
  "doggytalents:recipes/decorations/wool_collar": {
    "criteria": {
      "has_string": "2024-05-12 04:03:16 +0000"
    },
    "done": true
  },
  "minecraft:story/upgrade_tools": {
    "criteria": {
      "stone_pickaxe": "2024-05-12 03:56:16 +0000"
    },
    "done": true
  },
  "doggytalents:recipes/misc/gender_bone": {
    "criteria": {
      "has_string": "2024-05-12 04:03:16 +0000"
    },
    "done": true
  },
  "minecraft:recipes/redstone/oak_pressure_plate": {
    "criteria": {
      "has_planks": "2024-05-12 03:55:20 +0000"
    },
    "done": true
  },
  "mcdw:recipes/crossbows/crossbow_dual": {
    "criteria": {
      "has_string": "2024-05-12 04:03:16 +0000"
    },
    "done": true
  },
  "doggytalents:recipes/decorations/kitsune_mask": {
    "criteria": {
      "has_string": "2024-05-12 04:03:16 +0000"
    },
    "done": true
  },
  "minecraft:recipes/redstone/oak_door": {
    "criteria": {
      "has_planks": "2024-05-12 03:55:20 +0000"
    },
    "done": true
  },
  "minecraft:recipes/redstone/spruce_trapdoor": {
    "criteria": {
      "has_planks": "2024-05-12 04:01:53 +0000"
    },
    "done": true
  },
  "minecraft:recipes/redstone/spruce_door": {
    "criteria": {
      "has_planks": "2024-05-12 04:01:53 +0000"
    },
    "done": true
  },
  "minecraft:recipes/redstone/spruce_fence_gate": {
    "criteria": {
      "has_planks": "2024-05-12 04:01:53 +0000"
    },
    "done": true
  },
  "minecraft:recipes/tools/wooden_shovel": {
    "criteria": {
      "has_stick": "2024-05-12 03:55:23 +0000"
    },
    "done": true
  },
  "minecraft:recipes/redstone/dispenser": {
    "criteria": {
      "has_bow": "2024-05-12 04:02:29 +0000"
    },
    "done": true
  },
  "minecraft:recipes/building_blocks/cobblestone_slab": {
    "criteria": {
      "has_cobblestone": "2024-05-12 03:55:43 +0000"
    },
    "done": true
  },
  "mcdw:recipes/bows/bow_echo_of_the_valley": {
    "criteria": {
      "has_string": "2024-05-12 04:03:16 +0000"
    },
    "done": true
  },
  "mcdw:recipes/bows/bow_snow_bow": {
    "criteria": {
      "has_base_bow": "2024-05-12 04:02:29 +0000"
    },
    "done": true
  },
  "minecraft:recipes/transportation/acacia_boat": {
    "criteria": {
      "in_water": "2024-05-12 03:48:28 +0000"
    },
    "done": true
  },
  "mcdw:recipes/crossbows/crossbow_harpoon_crossbow": {
    "criteria": {
      "has_planks": "2024-05-12 03:55:20 +0000"
    },
    "done": true
  },
  "minecraft:adventure/root": {
    "criteria": {
      "killed_something": "2024-05-12 03:58:51 +0000"
    },
    "done": true
  },
  "minecraft:recipes/building_blocks/white_wool_from_string": {
    "criteria": {
      "has_string": "2024-05-12 04:03:16 +0000"
    },
    "done": true
  },
  "mcdw:recipes/crossbows/crossbow_harp": {
    "criteria": {
      "has_string": "2024-05-12 04:03:16 +0000"
    },
    "done": true
  },
  "doggytalents:recipes/decorations/locator_orb_chu": {
    "criteria": {
      "has_string": "2024-05-12 04:03:16 +0000"
    },
    "done": true
  },
  "mcdw:recipes/bows/bow_call_of_the_void": {
    "criteria": {
      "has_string": "2024-05-12 04:03:16 +0000"
    },
    "done": true
  },
  "doggytalents:recipes/decorations/locator_orb_chi": {
    "criteria": {
      "has_string": "2024-05-12 04:03:16 +0000"
    },
    "done": true
  },
  "minecraft:recipes/combat/wooden_sword": {
    "criteria": {
      "has_stick": "2024-05-12 03:55:23 +0000"
    },
    "done": true
  },
  "minecraft:recipes/building_blocks/oak_planks": {
    "criteria": {
      "has_logs": "2024-05-12 03:55:15 +0000"
    },
    "done": true
  },
  "minecraft:recipes/combat/crossbow": {
    "criteria": {
      "has_string": "2024-05-12 04:03:16 +0000"
    },
    "done": true
  },
  "mcdw:recipes/crossbows/crossbow_imploding": {
    "criteria": {
      "has_string": "2024-05-12 04:03:16 +0000"
    },
    "done": true
  },
  "minecraft:recipes/food/cooked_porkchop_from_smoking": {
    "criteria": {
      "has_porkchop": "2024-05-12 03:58:52 +0000"
    },
    "done": true
  },
  "mcdw:recipes/bows/bow_web_bow": {
    "criteria": {
      "has_base_bow": "2024-05-12 04:02:29 +0000"
    },
    "done": true
  },
  "doggytalents:recipes/decorations/locator_orb_tei": {
    "criteria": {
      "has_string": "2024-05-12 04:03:16 +0000"
    },
    "done": true
  },
  "minecraft:recipes/decorations/barrel": {
    "criteria": {
      "has_planks": "2024-05-12 03:55:20 +0000"
    },
    "done": true
  },
  "minecraft:recipes/decorations/cobblestone_wall_from_cobblestone_stonecutting": {
    "criteria": {
      "has_cobblestone": "2024-05-12 03:55:43 +0000"
    },
    "done": true
  },
  "farmersdelight:recipes/food/sweet_berry_cookie": {
    "criteria": {
      "has_sweet_berries": "2024-05-12 04:02:40 +0000"
    },
    "done": true
  },
  "mcdw:recipes/bows/bow_lost_souls": {
    "criteria": {
      "has_string": "2024-05-12 04:03:16 +0000"
    },
    "done": true
  },
  "minecraft:recipes/misc/light_gray_dye_from_oxeye_daisy": {
    "criteria": {
      "has_oxeye_daisy": "2024-05-12 03:58:19 +0000"
    },
    "done": true
  },
  "minecraft:recipes/building_blocks/cobblestone_stairs_from_cobblestone_stonecutting": {
    "criteria": {
      "has_cobblestone": "2024-05-12 03:55:43 +0000"
    },
    "done": true
  },
  "mcdw:recipes/crossbows/crossbow_heavy": {
    "criteria": {
      "has_string": "2024-05-12 04:03:16 +0000"
    },
    "done": true
  },
  "farmersdelight:recipes/decorations/cutting_board": {
    "criteria": {
      "has_stick": "2024-05-12 03:55:23 +0000"
    },
    "done": true
  },
  "uncraftables:recipes/cobweb": {
    "criteria": {
      "has_string": "2024-05-12 04:03:16 +0000"
    },
    "done": true
  },
  "mcdw:recipes/bows/bow_power_bow": {
    "criteria": {
      "has_string": "2024-05-12 04:03:16 +0000"
    },
    "done": true
  },
  "minecraft:husbandry/balanced_diet": {
    "criteria": {
      "chicken": "2024-05-12 04:08:11 +0000",
      "sweet_berries": "2024-05-12 04:10:20 +0000",
      "apple": "2024-05-12 03:48:50 +0000",
      "bread": "2024-05-12 03:53:56 +0000"
    },
    "done": false
  },
  "minecraft:recipes/building_blocks/cobblestone_stairs": {
    "criteria": {
      "has_cobblestone": "2024-05-12 03:55:43 +0000"
    },
    "done": true
  },
  "doggytalents:recipes/decorations/locator_orb_ko": {
    "criteria": {
      "has_string": "2024-05-12 04:03:16 +0000"
    },
    "done": true
  },
  "mcdw:recipes/crossbows/crossbow_doom_crossbow": {
    "criteria": {
      "has_string": "2024-05-12 04:03:16 +0000"
    },
    "done": true
  },
  "minecraft:recipes/tools/stone_hoe": {
    "criteria": {
      "has_cobblestone": "2024-05-12 03:55:43 +0000"
    },
    "done": true
  },
  "mcdw:recipes/crossbows/crossbow_rapid": {
    "criteria": {
      "has_string": "2024-05-12 04:03:16 +0000"
    },
    "done": true
  },
  "minecraft:recipes/building_blocks/spruce_stairs": {
    "criteria": {
      "has_planks": "2024-05-12 04:01:53 +0000"
    },
    "done": true
  },
  "minecraft:recipes/decorations/loom": {
    "criteria": {
      "has_string": "2024-05-12 04:03:16 +0000"
    },
    "done": true
  },
  "mcdw:recipes/bows/bow_nocturnal_bow": {
    "criteria": {
      "has_string": "2024-05-12 04:03:16 +0000"
    },
    "done": true
  },
  "mcdw:recipes/bows/bow_burst_gale_bow": {
    "criteria": {
      "has_string": "2024-05-12 04:03:16 +0000"
    },
    "done": true
  },
  "mcdw:recipes/shortbows/bow_purple_storm": {
    "criteria": {
      "has_string": "2024-05-12 04:03:16 +0000"
    },
    "done": true
  },
  "doggytalents:recipes/decorations/locator_orb_gi": {
    "criteria": {
      "has_string": "2024-05-12 04:03:16 +0000"
    },
    "done": true
  },
  "minecraft:recipes/tools/stone_shovel": {
    "criteria": {
      "has_cobblestone": "2024-05-12 03:55:43 +0000"
    },
    "done": true
  },
  "minecraft:recipes/building_blocks/oak_wood": {
    "criteria": {
      "has_log": "2024-05-12 03:55:15 +0000"
    },
    "done": true
  },
  "minecraft:story/root": {
    "criteria": {
      "crafting_table": "2024-05-12 03:55:23 +0000"
    },
    "done": true
  },
  "animal_feeding_trough:recipes/decorations/feeding_trough": {
    "criteria": {
      "has_wood_slab": "2024-05-12 04:03:40 +0000"
    },
    "done": true
  },
  "mcdw:recipes/bows/bow_phantom_bow": {
    "criteria": {
      "has_base_bow": "2024-05-12 04:02:29 +0000"
    },
    "done": true
  },
  "minecraft:recipes/transportation/jungle_boat": {
    "criteria": {
      "in_water": "2024-05-12 03:48:28 +0000"
    },
    "done": true
  },
  "minecraft:recipes/transportation/dark_oak_boat": {
    "criteria": {
      "in_water": "2024-05-12 03:48:28 +0000"
    },
    "done": true
  },
  "mcdw:recipes/bows/bow_void_bow": {
    "criteria": {
      "has_string": "2024-05-12 04:03:16 +0000"
    },
    "done": true
  },
  "DataVersion": 3465
}