{
  "minecraft:recipes/decorations/crafting_table": {
    "criteria": {
      "unlock_right_away": "2024-05-12 03:31:18 +0000"
    },
    "done": true
  },
  "minecraft:adventure/adventuring_time": {
    "criteria": {
      "minecraft:river": "2024-05-12 03:48:05 +0000",
      "minecraft:dripstone_caves": "2024-05-12 04:14:51 +0000",
      "minecraft:plains": "2024-05-12 03:31:20 +0000"
    },
    "done": false
  },
  "farmersdelight:recipes/cooking/fish_stew": {
    "criteria": {
      "has_any_ingredient": "2024-05-12 03:32:21 +0000"
    },
    "done": true
  },
  "farmersdelight:main/get_fd_seed": {
    "criteria": {
      "onion": "2024-05-12 03:32:21 +0000"
    },
    "done": true
  },
  "toolleveling:recipes/tool_leveling_table": {
    "criteria": {
      "has_enchanting_table": "2024-05-12 03:32:21 +0000"
    },
    "done": true
  },
  "naturalist:recipes/food/cooked_egg": {
    "criteria": {
      "has_eggs": "2024-05-12 03:32:21 +0000"
    },
    "done": true
  },
  "farmersdelight:recipes/food/barbecue_stick": {
    "criteria": {
      "has_onion": "2024-05-12 03:32:21 +0000"
    },
    "done": true
  },
  "farmersdelight:recipes/cooking/apple_cider": {
    "criteria": {
      "has_apple": "2024-05-12 03:32:21 +0000"
    },
    "done": true
  },
  "farmersdelight:recipes/cooking/fried_rice": {
    "criteria": {
      "has_any_ingredient": "2024-05-12 03:32:21 +0000"
    },
    "done": true
  },
  "doggytalents:recipes/decorations/baker_hat": {
    "criteria": {
      "has_bread": "2024-05-12 03:32:21 +0000"
    },
    "done": true
  },
  "farmersdelight:recipes/cooking/dumplings": {
    "criteria": {
      "has_any_ingredient": "2024-05-12 03:32:21 +0000"
    },
    "done": true
  },
  "farmersdelight:main/root": {
    "criteria": {
      "seeds": "2024-05-12 03:32:21 +0000"
    },
    "done": true
  },
  "farmersdelight:recipes/cooking/ratatouille": {
    "criteria": {
      "has_any_ingredient": "2024-05-12 03:32:21 +0000"
    },
    "done": true
  },
  "doggytalents:recipes/decorations/hot_dog": {
    "criteria": {
      "has_bread": "2024-05-12 03:32:21 +0000"
    },
    "done": true
  },
  "farmersdelight:recipes/building_blocks/onion_crate": {
    "criteria": {
      "has_onion": "2024-05-12 03:32:21 +0000"
    },
    "done": true
  },
  "farmersdelight:recipes/cooking/vegetable_soup": {
    "criteria": {
      "has_any_ingredient": "2024-05-12 03:32:21 +0000"
    },
    "done": true
  },
  "minecraft:recipes/food/baked_potato_from_campfire_cooking": {
    "criteria": {
      "has_potato": "2024-05-12 03:32:22 +0000"
    },
    "done": true
  },
  "minecraft:recipes/food/baked_potato": {
    "criteria": {
      "has_potato": "2024-05-12 03:32:22 +0000"
    },
    "done": true
  },
  "farmersdelight:recipes/cooking/baked_cod_stew": {
    "criteria": {
      "has_any_ingredient": "2024-05-12 03:32:22 +0000"
    },
    "done": true
  },
  "farmersdelight:recipes/cooking/beef_stew": {
    "criteria": {
      "has_any_ingredient": "2024-05-12 03:32:22 +0000"
    },
    "done": true
  },
  "minecraft:recipes/food/baked_potato_from_smoking": {
    "criteria": {
      "has_potato": "2024-05-12 03:32:22 +0000"
    },
    "done": true
  },
  "minecraft:recipes/misc/charcoal": {
    "criteria": {
      "has_log": "2024-05-12 03:33:11 +0000"
    },
    "done": true
  },
  "naturescompass:natures_compass_log": {
    "criteria": {
      "has_log": "2024-05-12 03:33:11 +0000"
    },
    "done": true
  },
  "naturescompass:natures_compass_sapling": {
    "criteria": {
      "has_recipe": "2024-05-12 03:33:11 +0000"
    },
    "done": true
  },
  "minecraft:recipes/building_blocks/oak_planks": {
    "criteria": {
      "has_logs": "2024-05-12 03:33:11 +0000"
    },
    "done": true
  },
  "minecraft:recipes/building_blocks/oak_wood": {
    "criteria": {
      "has_log": "2024-05-12 03:33:11 +0000"
    },
    "done": true
  },
  "minecraft:recipes/decorations/ladder": {
    "criteria": {
      "has_stick": "2024-05-12 03:33:27 +0000"
    },
    "done": true
  },
  "farmersdelight:recipes/combat/flint_knife": {
    "criteria": {
      "has_stick": "2024-05-12 03:33:27 +0000"
    },
    "done": true
  },
  "doggytalents:recipes/decorations/sunglasses": {
    "criteria": {
      "has_stick": "2024-05-12 03:33:27 +0000"
    },
    "done": true
  },
  "minecraft:recipes/tools/wooden_axe": {
    "criteria": {
      "has_stick": "2024-05-12 03:33:27 +0000"
    },
    "done": true
  },
  "doggytalents:recipes/decorations/giant_stick": {
    "criteria": {
      "has_stick": "2024-05-12 03:33:27 +0000"
    },
    "done": true
  },
  "minecraft:recipes/decorations/campfire": {
    "criteria": {
      "has_stick": "2024-05-12 03:33:27 +0000"
    },
    "done": true
  },
  "uncraftables:recipes/dead_bush": {
    "criteria": {
      "has_stick": "2024-05-12 03:33:27 +0000"
    },
    "done": true
  },
  "minecraft:recipes/tools/wooden_hoe": {
    "criteria": {
      "has_stick": "2024-05-12 03:33:27 +0000"
    },
    "done": true
  },
  "minecraft:recipes/tools/wooden_pickaxe": {
    "criteria": {
      "has_stick": "2024-05-12 03:33:27 +0000"
    },
    "done": true
  },
  "minecraft:recipes/tools/wooden_shovel": {
    "criteria": {
      "has_stick": "2024-05-12 03:33:27 +0000"
    },
    "done": true
  },
  "minecraft:recipes/combat/wooden_sword": {
    "criteria": {
      "has_stick": "2024-05-12 03:33:27 +0000"
    },
    "done": true
  },
  "farmersdelight:recipes/decorations/cutting_board": {
    "criteria": {
      "has_stick": "2024-05-12 03:33:27 +0000"
    },
    "done": true
  },
  "minecraft:husbandry/root": {
    "criteria": {
      "consumed_item": "2024-05-12 03:33:35 +0000"
    },
    "done": true
  },
  "minecraft:husbandry/balanced_diet": {
    "criteria": {
      "cooked_mutton": "2024-05-12 04:06:55 +0000",
      "bread": "2024-05-12 03:33:35 +0000",
      "cooked_chicken": "2024-05-12 18:42:59 +0000",
      "carrot": "2024-05-12 23:46:17 +0000"
    },
    "done": false
  },
  "minecraft:recipes/decorations/oak_sign": {
    "criteria": {
      "has_planks": "2024-05-12 03:33:42 +0000"
    },
    "done": true
  },
  "minecraft:recipes/redstone/oak_trapdoor": {
    "criteria": {
      "has_planks": "2024-05-12 03:33:42 +0000"
    },
    "done": true
  },
  "mcdw:recipes/shields/shield_vanguard": {
    "criteria": {
      "has_planks": "2024-05-12 03:33:42 +0000"
    },
    "done": true
  },
  "minecraft:recipes/misc/stick": {
    "criteria": {
      "has_planks": "2024-05-12 03:33:42 +0000"
    },
    "done": true
  },
  "minecraft:recipes/building_blocks/oak_stairs": {
    "criteria": {
      "has_planks": "2024-05-12 03:33:42 +0000"
    },
    "done": true
  },
  "minecraft:recipes/decorations/oak_fence": {
    "criteria": {
      "has_planks": "2024-05-12 03:33:42 +0000"
    },
    "done": true
  },
  "mcdw:recipes/crossbows/crossbow_scatter": {
    "criteria": {
      "has_oak_planks": "2024-05-12 03:33:42 +0000"
    },
    "done": true
  },
  "minecraft:recipes/redstone/oak_button": {
    "criteria": {
      "has_planks": "2024-05-12 03:33:42 +0000"
    },
    "done": true
  },
  "minecraft:recipes/building_blocks/oak_slab": {
    "criteria": {
      "has_planks": "2024-05-12 03:33:42 +0000"
    },
    "done": true
  },
  "minecraft:recipes/redstone/oak_fence_gate": {
    "criteria": {
      "has_planks": "2024-05-12 03:33:42 +0000"
    },
    "done": true
  },
  "minecraft:recipes/redstone/oak_pressure_plate": {
    "criteria": {
      "has_planks": "2024-05-12 03:33:42 +0000"
    },
    "done": true
  },
  "minecraft:recipes/redstone/oak_door": {
    "criteria": {
      "has_planks": "2024-05-12 03:33:42 +0000"
    },
    "done": true
  },
  "mcdw:recipes/crossbows/crossbow_harpoon_crossbow": {
    "criteria": {
      "has_planks": "2024-05-12 03:33:42 +0000"
    },
    "done": true
  },
  "minecraft:recipes/decorations/barrel": {
    "criteria": {
      "has_planks": "2024-05-12 03:33:42 +0000"
    },
    "done": true
  },
  "minecraft:story/root": {
    "criteria": {
      "crafting_table": "2024-05-12 03:33:45 +0000"
    },
    "done": true
  },
  "minecraft:recipes/building_blocks/coal_block": {
    "criteria": {
      "has_coal": "2024-05-12 03:34:07 +0000"
    },
    "done": true
  },
  "minecraft:recipes/redstone/lever": {
    "criteria": {
      "has_cobblestone": "2024-05-12 03:34:11 +0000"
    },
    "done": true
  },
  "minecraft:recipes/combat/stone_sword": {
    "criteria": {
      "has_cobblestone": "2024-05-12 03:34:11 +0000"
    },
    "done": true
  },
  "minecraft:recipes/decorations/cobblestone_wall": {
    "criteria": {
      "has_cobblestone": "2024-05-12 03:34:11 +0000"
    },
    "done": true
  },
  "minecraft:recipes/tools/stone_axe": {
    "criteria": {
      "has_cobblestone": "2024-05-12 03:34:11 +0000"
    },
    "done": true
  },
  "minecraft:story/mine_stone": {
    "criteria": {
      "get_stone": "2024-05-12 03:34:11 +0000"
    },
    "done": true
  },
  "minecraft:recipes/decorations/furnace": {
    "criteria": {
      "has_cobblestone": "2024-05-12 03:34:11 +0000"
    },
    "done": true
  },
  "forgottengraves:recipes/grave": {
    "criteria": {
      "has_cobblestone": "2024-05-12 03:34:11 +0000"
    },
    "done": true
  },
  "minecraft:recipes/decorations/chest": {
    "criteria": {
      "has_lots_of_items": "2024-05-12 03:34:11 +0000"
    },
    "done": true
  },
  "minecraft:recipes/building_blocks/cobblestone_slab_from_cobblestone_stonecutting": {
    "criteria": {
      "has_cobblestone": "2024-05-12 03:34:11 +0000"
    },
    "done": true
  },
  "minecraft:recipes/building_blocks/stone": {
    "criteria": {
      "has_cobblestone": "2024-05-12 03:34:11 +0000"
    },
    "done": true
  },
  "minecraft:recipes/tools/stone_pickaxe": {
    "criteria": {
      "has_cobblestone": "2024-05-12 03:34:11 +0000"
    },
    "done": true
  },
  "minecraft:recipes/building_blocks/cobblestone_slab": {
    "criteria": {
      "has_cobblestone": "2024-05-12 03:34:11 +0000"
    },
    "done": true
  },
  "minecraft:recipes/decorations/cobblestone_wall_from_cobblestone_stonecutting": {
    "criteria": {
      "has_cobblestone": "2024-05-12 03:34:11 +0000"
    },
    "done": true
  },
  "minecraft:recipes/building_blocks/cobblestone_stairs_from_cobblestone_stonecutting": {
    "criteria": {
      "has_cobblestone": "2024-05-12 03:34:11 +0000"
    },
    "done": true
  },
  "minecraft:recipes/building_blocks/cobblestone_stairs": {
    "criteria": {
      "has_cobblestone": "2024-05-12 03:34:11 +0000"
    },
    "done": true
  },
  "minecraft:recipes/tools/stone_hoe": {
    "criteria": {
      "has_cobblestone": "2024-05-12 03:34:11 +0000"
    },
    "done": true
  },
  "minecraft:recipes/tools/stone_shovel": {
    "criteria": {
      "has_cobblestone": "2024-05-12 03:34:11 +0000"
    },
    "done": true
  },
  "minecraft:recipes/building_blocks/coarse_dirt": {
    "criteria": {
      "has_gravel": "2024-05-12 03:34:24 +0000"
    },
    "done": true
  },
  "minecraft:recipes/building_blocks/light_gray_concrete_powder": {
    "criteria": {
      "has_gravel": "2024-05-12 03:34:24 +0000"
    },
    "done": true
  },
  "minecraft:recipes/building_blocks/pink_concrete_powder": {
    "criteria": {
      "has_gravel": "2024-05-12 03:34:24 +0000"
    },
    "done": true
  },
  "minecraft:recipes/building_blocks/red_concrete_powder": {
    "criteria": {
      "has_gravel": "2024-05-12 03:34:24 +0000"
    },
    "done": true
  },
  "minecraft:recipes/building_blocks/brown_concrete_powder": {
    "criteria": {
      "has_gravel": "2024-05-12 03:34:24 +0000"
    },
    "done": true
  },
  "minecraft:recipes/building_blocks/light_blue_concrete_powder": {
    "criteria": {
      "has_gravel": "2024-05-12 03:34:24 +0000"
    },
    "done": true
  },
  "minecraft:recipes/building_blocks/green_concrete_powder": {
    "criteria": {
      "has_gravel": "2024-05-12 03:34:24 +0000"
    },
    "done": true
  },
  "minecraft:recipes/building_blocks/blue_concrete_powder": {
    "criteria": {
      "has_gravel": "2024-05-12 03:34:24 +0000"
    },
    "done": true
  },
  "minecraft:recipes/building_blocks/white_concrete_powder": {
    "criteria": {
      "has_gravel": "2024-05-12 03:34:24 +0000"
    },
    "done": true
  },
  "minecraft:recipes/building_blocks/lime_concrete_powder": {
    "criteria": {
      "has_gravel": "2024-05-12 03:34:24 +0000"
    },
    "done": true
  },
  "minecraft:recipes/building_blocks/orange_concrete_powder": {
    "criteria": {
      "has_gravel": "2024-05-12 03:34:24 +0000"
    },
    "done": true
  },
  "minecraft:recipes/building_blocks/magenta_concrete_powder": {
    "criteria": {
      "has_gravel": "2024-05-12 03:34:24 +0000"
    },
    "done": true
  },
  "minecraft:recipes/building_blocks/yellow_concrete_powder": {
    "criteria": {
      "has_gravel": "2024-05-12 03:34:24 +0000"
    },
    "done": true
  },
  "minecraft:recipes/building_blocks/gray_concrete_powder": {
    "criteria": {
      "has_gravel": "2024-05-12 03:34:24 +0000"
    },
    "done": true
  },
  "minecraft:recipes/building_blocks/black_concrete_powder": {
    "criteria": {
      "has_gravel": "2024-05-12 03:34:24 +0000"
    },
    "done": true
  },
  "minecraft:recipes/building_blocks/purple_concrete_powder": {
    "criteria": {
      "has_gravel": "2024-05-12 03:34:24 +0000"
    },
    "done": true
  },
  "minecraft:recipes/building_blocks/cyan_concrete_powder": {
    "criteria": {
      "has_gravel": "2024-05-12 03:34:24 +0000"
    },
    "done": true
  },
  "minecraft:recipes/decorations/torch": {
    "criteria": {
      "has_stone_pickaxe": "2024-05-12 03:35:59 +0000"
    },
    "done": true
  },
  "minecraft:story/upgrade_tools": {
    "criteria": {
      "stone_pickaxe": "2024-05-12 03:35:59 +0000"
    },
    "done": true
  },
  "farmersdelight:main/plant_all_crops": {
    "criteria": {
      "wheat": "2024-05-12 03:37:04 +0000",
      "carrot": "2024-05-12 22:55:32 +0000"
    },
    "done": false
  },
  "minecraft:husbandry/plant_seed": {
    "criteria": {
      "wheat": "2024-05-12 03:37:04 +0000"
    },
    "done": true
  },
  "minecraft:recipes/transportation/cherry_boat": {
    "criteria": {
      "in_water": "2024-05-12 03:37:35 +0000"
    },
    "done": true
  },
  "minecraft:recipes/transportation/bamboo_raft": {
    "criteria": {
      "in_water": "2024-05-12 03:37:35 +0000"
    },
    "done": true
  },
  "minecraft:recipes/transportation/spruce_boat": {
    "criteria": {
      "in_water": "2024-05-12 03:37:35 +0000"
    },
    "done": true
  },
  "minecraft:recipes/transportation/birch_boat": {
    "criteria": {
      "in_water": "2024-05-12 03:37:35 +0000"
    },
    "done": true
  },
  "minecraft:recipes/transportation/oak_boat": {
    "criteria": {
      "in_water": "2024-05-12 03:37:35 +0000"
    },
    "done": true
  },
  "minecraft:recipes/transportation/mangrove_boat": {
    "criteria": {
      "in_water": "2024-05-12 03:37:35 +0000"
    },
    "done": true
  },
  "minecraft:recipes/transportation/acacia_boat": {
    "criteria": {
      "in_water": "2024-05-12 03:37:35 +0000"
    },
    "done": true
  },
  "minecraft:recipes/transportation/jungle_boat": {
    "criteria": {
      "in_water": "2024-05-12 03:37:35 +0000"
    },
    "done": true
  },
  "minecraft:recipes/transportation/dark_oak_boat": {
    "criteria": {
      "in_water": "2024-05-12 03:37:35 +0000"
    },
    "done": true
  },
  "minecraft:adventure/sleep_in_bed": {
    "criteria": {
      "slept_in_bed": "2024-05-12 03:42:10 +0000"
    },
    "done": true
  },
  "doggytalents:recipes/food/uncooked_rice_bowl": {
    "criteria": {
      "has_dtn_rice_grains": "2024-05-12 03:47:52 +0000"
    },
    "done": true
  },
  "doggytalents:recipes/food/training_treat": {
    "criteria": {
      "has_dtn_rice_grains": "2024-05-12 03:47:52 +0000"
    },
    "done": true
  },
  "minecraft:adventure/root": {
    "criteria": {
      "killed_something": "2024-05-12 03:48:27 +0000"
    },
    "done": true
  },
  "doggytalents:recipes/decorations/frisbee": {
    "criteria": {
      "has_slime_ball": "2024-05-12 03:48:28 +0000"
    },
    "done": true
  },
  "minecraft:recipes/tools/lead": {
    "criteria": {
      "has_slime_ball": "2024-05-12 03:48:28 +0000"
    },
    "done": true
  },
  "mcdw:recipes/swords/sword_dancers_sword": {
    "criteria": {
      "has_slime_ball": "2024-05-12 03:48:28 +0000"
    },
    "done": true
  },
  "minecraft:recipes/redstone/sticky_piston": {
    "criteria": {
      "has_slime_ball": "2024-05-12 03:48:28 +0000"
    },
    "done": true
  },
  "minecraft:recipes/redstone/slime_block": {
    "criteria": {
      "has_slime_ball": "2024-05-12 03:48:28 +0000"
    },
    "done": true
  },
  "mcdw:recipes/double_axes/double_axe_double": {
    "criteria": {
      "has_slime_ball": "2024-05-12 03:48:28 +0000"
    },
    "done": true
  },
  "doggytalents:recipes/tools/throw_stick": {
    "criteria": {
      "has_slime_ball": "2024-05-12 03:48:28 +0000"
    },
    "done": true
  },
  "minecraft:recipes/food/cooked_mutton_from_smoking": {
    "criteria": {
      "has_mutton": "2024-05-12 03:50:10 +0000"
    },
    "done": true
  },
  "minecraft:recipes/decorations/painting": {
    "criteria": {
      "has_wool": "2024-05-12 03:50:10 +0000"
    },
    "done": true
  },
  "doggytalents:recipes/decorations/lab_coat": {
    "criteria": {
      "has_wool": "2024-05-12 03:50:10 +0000"
    },
    "done": true
  },
  "minecraft:recipes/decorations/white_carpet": {
    "criteria": {
      "has_white_wool": "2024-05-12 03:50:10 +0000"
    },
    "done": true
  },
  "doggytalents:recipes/decorations/beastars_uniform_male": {
    "criteria": {
      "has_wool": "2024-05-12 03:50:10 +0000"
    },
    "done": true
  },
  "comforts:sleeping_bag_white": {
    "criteria": {
      "has_white_wool": "2024-05-12 03:50:10 +0000"
    },
    "done": true
  },
  "minecraft:recipes/food/cooked_mutton": {
    "criteria": {
      "has_mutton": "2024-05-12 03:50:10 +0000"
    },
    "done": true
  },
  "doggytalents:recipes/decorations/conan_suit": {
    "criteria": {
      "has_wool": "2024-05-12 03:50:10 +0000"
    },
    "done": true
  },
  "minecraft:recipes/decorations/white_banner": {
    "criteria": {
      "has_white_wool": "2024-05-12 03:50:10 +0000"
    },
    "done": true
  },
  "minecraft:recipes/food/cooked_mutton_from_campfire_cooking": {
    "criteria": {
      "has_mutton": "2024-05-12 03:50:10 +0000"
    },
    "done": true
  },
  "farmersdelight:recipes/cooking/pasta_with_mutton_chop": {
    "criteria": {
      "has_any_ingredient": "2024-05-12 03:50:10 +0000"
    },
    "done": true
  },
  "comforts:hammock_white": {
    "criteria": {
      "has_white_wool": "2024-05-12 03:50:10 +0000"
    },
    "done": true
  },
  "minecraft:recipes/decorations/white_bed": {
    "criteria": {
      "has_white_wool": "2024-05-12 03:50:10 +0000"
    },
    "done": true
  },
  "doggytalents:recipes/decorations/dog_plushie_toy_item": {
    "criteria": {
      "has_white_wool": "2024-05-12 03:50:10 +0000"
    },
    "done": true
  },
  "doggytalents:recipes/building_blocks/dog_bed_def": {
    "criteria": {
      "has_wool": "2024-05-12 03:50:10 +0000"
    },
    "done": true
  },
  "doggytalents:recipes/decorations/beastars_uniform_female": {
    "criteria": {
      "has_wool": "2024-05-12 03:50:10 +0000"
    },
    "done": true
  },
  "minecraft:husbandry/breed_an_animal": {
    "criteria": {
      "bred": "2024-05-12 03:50:48 +0000"
    },
    "done": true
  },
  "minecraft:husbandry/bred_all_animals": {
    "criteria": {
      "minecraft:chicken": "2024-05-12 03:50:48 +0000"
    },
    "done": false
  },
  "minecraft:recipes/food/cooked_chicken_from_campfire_cooking": {
    "criteria": {
      "has_chicken": "2024-05-12 03:50:56 +0000"
    },
    "done": true
  },
  "minecraft:recipes/food/cooked_chicken": {
    "criteria": {
      "has_chicken": "2024-05-12 03:50:56 +0000"
    },
    "done": true
  },
  "farmersdelight:recipes/cooking/chicken_soup": {
    "criteria": {
      "has_any_ingredient": "2024-05-12 03:50:56 +0000"
    },
    "done": true
  },
  "minecraft:recipes/food/cooked_chicken_from_smoking": {
    "criteria": {
      "has_chicken": "2024-05-12 03:50:56 +0000"
    },
    "done": true
  },
  "mcdw:recipes/bows/bow_hunters_promise": {
    "criteria": {
      "has_feather": "2024-05-12 03:50:59 +0000"
    },
    "done": true
  },
  "minecraft:recipes/combat/arrow": {
    "criteria": {
      "has_feather": "2024-05-12 03:50:59 +0000"
    },
    "done": true
  },
  "mcdw:recipes/double_axes/double_axe_whirlwind": {
    "criteria": {
      "has_feather": "2024-05-12 03:50:59 +0000"
    },
    "done": true
  },
  "doggytalents:recipes/tools/feathered_mantle": {
    "criteria": {
      "has_feather": "2024-05-12 03:50:59 +0000"
    },
    "done": true
  },
  "minecraft:recipes/misc/magenta_dye_from_allium": {
    "criteria": {
      "has_allium": "2024-05-12 03:51:20 +0000"
    },
    "done": true
  },
  "minecraft:recipes/misc/yellow_dye_from_dandelion": {
    "criteria": {
      "has_dandelion": "2024-05-12 04:03:44 +0000"
    },
    "done": true
  },
  "mcdw:recipes/bows/bow_sabrewing": {
    "criteria": {
      "has_dandelion": "2024-05-12 04:03:44 +0000"
    },
    "done": true
  },
  "minecraft:recipes/misc/blue_dye_from_cornflower": {
    "criteria": {
      "has_cornflower": "2024-05-12 04:04:09 +0000"
    },
    "done": true
  },
  "minecraft:recipes/decorations/smoker": {
    "criteria": {
      "has_furnace": "2024-05-12 04:04:45 +0000"
    },
    "done": true
  },
  "naturalist:recipes/food/cooked_bass": {
    "criteria": {
      "has_bass": "2024-05-12 04:05:10 +0000"
    },
    "done": true
  },
  "farmersdelight:recipes/food/grilled_salmon": {
    "criteria": {
      "has_salmon": "2024-05-12 04:05:13 +0000"
    },
    "done": true
  },
  "minecraft:recipes/food/cooked_salmon": {
    "criteria": {
      "has_salmon": "2024-05-12 04:05:13 +0000"
    },
    "done": true
  },
  "minecraft:recipes/food/cooked_salmon_from_smoking": {
    "criteria": {
      "has_salmon": "2024-05-12 04:05:13 +0000"
    },
    "done": true
  },
  "minecraft:recipes/food/cooked_salmon_from_campfire_cooking": {
    "criteria": {
      "has_salmon": "2024-05-12 04:05:13 +0000"
    },
    "done": true
  },
  "farmersdelight:recipes/food/roasted_mutton_chops": {
    "criteria": {
      "has_mutton": "2024-05-12 04:06:50 +0000"
    },
    "done": true
  },
  "farmersdelight:recipes/food/shepherds_pie_block": {
    "criteria": {
      "has_cooked_mutton": "2024-05-12 04:06:50 +0000"
    },
    "done": true
  },
  "farmersdelight:recipes/food/mutton_wrap": {
    "criteria": {
      "has_mutton": "2024-05-12 04:06:50 +0000"
    },
    "done": true
  },
  "minecraft:recipes/building_blocks/granite_slab_from_granite_stonecutting": {
    "criteria": {
      "has_granite": "2024-05-12 04:13:57 +0000"
    },
    "done": true
  },
  "minecraft:recipes/decorations/granite_wall_from_granite_stonecutting": {
    "criteria": {
      "has_granite": "2024-05-12 04:13:57 +0000"
    },
    "done": true
  },
  "minecraft:recipes/building_blocks/polished_granite_from_granite_stonecutting": {
    "criteria": {
      "has_granite": "2024-05-12 04:13:57 +0000"
    },
    "done": true
  },
  "minecraft:recipes/building_blocks/granite_slab": {
    "criteria": {
      "has_granite": "2024-05-12 04:13:57 +0000"
    },
    "done": true
  },
  "minecraft:recipes/building_blocks/granite_stairs": {
    "criteria": {
      "has_granite": "2024-05-12 04:13:57 +0000"
    },
    "done": true
  },
  "minecraft:recipes/building_blocks/granite_stairs_from_granite_stonecutting": {
    "criteria": {
      "has_granite": "2024-05-12 04:13:57 +0000"
    },
    "done": true
  },
  "minecraft:recipes/decorations/granite_wall": {
    "criteria": {
      "has_granite": "2024-05-12 04:13:57 +0000"
    },
    "done": true
  },
  "minecraft:recipes/building_blocks/polished_granite_slab_from_granite_stonecutting": {
    "criteria": {
      "has_granite": "2024-05-12 04:13:57 +0000"
    },
    "done": true
  },
  "minecraft:recipes/building_blocks/polished_granite": {
    "criteria": {
      "has_granite": "2024-05-12 04:13:57 +0000"
    },
    "done": true
  },
  "minecraft:recipes/building_blocks/polished_granite_stairs_from_granite_stonecutting": {
    "criteria": {
      "has_granite": "2024-05-12 04:13:57 +0000"
    },
    "done": true
  },
  "minecraft:recipes/misc/copper_ingot_from_blasting_raw_copper": {
    "criteria": {
      "has_raw_copper": "2024-05-12 04:18:11 +0000"
    },
    "done": true
  },
  "minecraft:recipes/building_blocks/raw_copper_block": {
    "criteria": {
      "has_raw_copper": "2024-05-12 04:18:11 +0000"
    },
    "done": true
  },
  "minecraft:recipes/misc/copper_ingot_from_smelting_raw_copper": {
    "criteria": {
      "has_raw_copper": "2024-05-12 04:18:11 +0000"
    },
    "done": true
  },
  "minecraft:recipes/building_blocks/raw_iron_block": {
    "criteria": {
      "has_raw_iron": "2024-05-12 04:24:37 +0000"
    },
    "done": true
  },
  "minecraft:recipes/misc/iron_ingot_from_smelting_raw_iron": {
    "criteria": {
      "has_raw_iron": "2024-05-12 04:24:37 +0000"
    },
    "done": true
  },
  "minecraft:recipes/misc/iron_ingot_from_blasting_raw_iron": {
    "criteria": {
      "has_raw_iron": "2024-05-12 04:24:37 +0000"
    },
    "done": true
  },
  "minecraft:recipes/redstone/lightning_rod": {
    "criteria": {
      "has_copper_ingot": "2024-05-12 04:24:42 +0000"
    },
    "done": true
  },
  "minecraft:recipes/building_blocks/copper_block": {
    "criteria": {
      "has_copper_ingot": "2024-05-12 04:24:42 +0000"
    },
    "done": true
  },
  "friendsandfoes:recipes/redstone/copper_button": {
    "criteria": {
      "has_copper_ingot": "2024-05-12 04:24:42 +0000"
    },
    "done": true
  },
  "mcdw:recipes/scythes/scythe_skull_scythe": {
    "criteria": {
      "has_copper_ingot": "2024-05-12 04:24:43 +0000"
    },
    "done": true
  },
  "mcdw:recipes/shields/shield_tower_guard": {
    "criteria": {
      "has_copper_ingot": "2024-05-12 04:24:43 +0000"
    },
    "done": true
  },
  "minecraft:recipes/tools/brush": {
    "criteria": {
      "has_copper_ingot": "2024-05-12 04:24:43 +0000"
    },
    "done": true
  },
  "doggytalents:recipes/decorations/divine_retribution": {
    "criteria": {
      "has_copper_ingot": "2024-05-12 04:24:43 +0000"
    },
    "done": true
  },
  "mcdw:recipes/swords/sword_hawkbrand_vanilla_sword": {
    "criteria": {
      "has_emerald": "2024-05-12 04:25:01 +0000",
      "has_the_recipe": "2024-05-12 04:25:01 +0000"
    },
    "done": true
  },
  "minecraft:recipes/building_blocks/emerald_block": {
    "criteria": {
      "has_emerald": "2024-05-12 04:25:01 +0000"
    },
    "done": true
  },
  "mcdw:recipes/swords/sword_great_axeblade": {
    "criteria": {
      "has_emerald": "2024-05-12 04:25:01 +0000"
    },
    "done": true
  },
  "mcdw:recipes/swords/sword_hawkbrand": {
    "criteria": {
      "has_emerald": "2024-05-12 04:25:01 +0000"
    },
    "done": true
  },
  "mcdw:recipes/bows/bow_phantom_bow": {
    "criteria": {
      "has_emerald": "2024-05-12 04:25:01 +0000"
    },
    "done": true
  },
  "minecraft:recipes/building_blocks/dripstone_block": {
    "criteria": {
      "has_pointed_dripstone": "2024-05-12 04:25:18 +0000"
    },
    "done": true
  },
  "mcdw:recipes/crossbows/crossbow_auto": {
    "criteria": {
      "has_iron_ingot": "2024-05-12 04:27:13 +0000"
    },
    "done": true
  },
  "minecraft:recipes/combat/iron_leggings": {
    "criteria": {
      "has_iron_ingot": "2024-05-12 04:27:13 +0000"
    },
    "done": true
  },
  "mcdw:recipes/crossbows/crossbow_butterfly": {
    "criteria": {
      "has_iron_ingot": "2024-05-12 04:27:13 +0000"
    },
    "done": true
  },
  "mcdw:recipes/crossbows/crossbow_slayer": {
    "criteria": {
      "has_iron_ingot": "2024-05-12 04:27:13 +0000"
    },
    "done": true
  },
  "mcdw:recipes/staves/staff_battlestaff_of_terror": {
    "criteria": {
      "has_iron_ingot": "2024-05-12 04:27:13 +0000"
    },
    "done": true
  },
  "mcdw:recipes/bows/bow_green_menace": {
    "criteria": {
      "has_iron_ingot": "2024-05-12 04:27:13 +0000"
    },
    "done": true
  },
  "mcdw:recipes/crossbows/crossbow_slicer": {
    "criteria": {
      "has_iron_ingot": "2024-05-12 04:27:13 +0000"
    },
    "done": true
  },
  "minecraft:recipes/combat/iron_chestplate": {
    "criteria": {
      "has_iron_ingot": "2024-05-12 04:27:13 +0000"
    },
    "done": true
  },
  "comforts:rope_and_nail": {
    "criteria": {
      "has_iron": "2024-05-12 04:27:13 +0000"
    },
    "done": true
  },
  "mcdw:recipes/daggers/dagger_dagger": {
    "criteria": {
      "has_iron_ingot": "2024-05-12 04:27:13 +0000"
    },
    "done": true
  },
  "doggytalents:recipes/decorations/superdog_suit": {
    "criteria": {
      "has_iron_ingot": "2024-05-12 04:27:13 +0000"
    },
    "done": true
  },
  "minecraft:recipes/misc/iron_nugget": {
    "criteria": {
      "has_iron_ingot": "2024-05-12 04:27:13 +0000"
    },
    "done": true
  },
  "mcdw:recipes/bows/bow_twin_bow": {
    "criteria": {
      "has_iron_ingot": "2024-05-12 04:27:13 +0000"
    },
    "done": true
  },
  "doggytalents:recipes/combat/sussy_sickle": {
    "criteria": {
      "has_iron_ingot": "2024-05-12 04:27:13 +0000"
    },
    "done": true
  },
  "minecraft:recipes/misc/bucket": {
    "criteria": {
      "has_iron_ingot": "2024-05-12 04:27:13 +0000"
    },
    "done": true
  },
  "minecraft:recipes/combat/iron_helmet": {
    "criteria": {
      "has_iron_ingot": "2024-05-12 04:27:13 +0000"
    },
    "done": true
  },
  "minecraft:recipes/transportation/minecart": {
    "criteria": {
      "has_iron_ingot": "2024-05-12 04:27:13 +0000"
    },
    "done": true
  },
  "minecraft:recipes/tools/iron_hoe": {
    "criteria": {
      "has_iron_ingot": "2024-05-12 04:27:13 +0000"
    },
    "done": true
  },
  "mcdw:recipes/bows/bow_trickbow": {
    "criteria": {
      "has_iron_ingot": "2024-05-12 04:27:13 +0000"
    },
    "done": true
  },
  "mcdw:recipes/scythes/scythe_soul_scythe": {
    "criteria": {
      "has_iron_ingot": "2024-05-12 04:27:13 +0000"
    },
    "done": true
  },
  "doggytalents:recipes/tools/whistle": {
    "criteria": {
      "has_iron_ingot": "2024-05-12 04:27:13 +0000"
    },
    "done": true
  },
  "minecraft:story/smelt_iron": {
    "criteria": {
      "iron": "2024-05-12 04:27:13 +0000"
    },
    "done": true
  },
  "minecraft:recipes/tools/shears": {
    "criteria": {
      "has_iron_ingot": "2024-05-12 04:27:13 +0000"
    },
    "done": true
  },
  "doggytalents:recipes/decorations/propeller_hat": {
    "criteria": {
      "has_iron_ingot": "2024-05-12 04:27:13 +0000"
    },
    "done": true
  },
  "mcdw:recipes/daggers/dagger_moon": {
    "criteria": {
      "has_iron_ingot": "2024-05-12 04:27:13 +0000"
    },
    "done": true
  },
  "mcdw:recipes/bows/bow_wind_bow": {
    "criteria": {
      "has_iron_ingot": "2024-05-12 04:27:13 +0000"
    },
    "done": true
  },
  "mcdw:recipes/shields/shield_royal_guard": {
    "criteria": {
      "has_iron_ingot": "2024-05-12 04:27:13 +0000"
    },
    "done": true
  },
  "minecraft:recipes/decorations/chain": {
    "criteria": {
      "has_iron_ingot": "2024-05-12 04:27:13 +0000"
    },
    "done": true
  },
  "minecraft:recipes/building_blocks/iron_block": {
    "criteria": {
      "has_iron_ingot": "2024-05-12 04:27:13 +0000"
    },
    "done": true
  },
  "farmersdelight:recipes/decorations/cooking_pot": {
    "criteria": {
      "has_iron_ingot": "2024-05-12 04:27:13 +0000"
    },
    "done": true
  },
  "mcdw:recipes/swords/sword_cutlass": {
    "criteria": {
      "has_iron_ingot": "2024-05-12 04:27:13 +0000"
    },
    "done": true
  },
  "minecraft:recipes/decorations/smithing_table": {
    "criteria": {
      "has_iron_ingot": "2024-05-12 04:27:13 +0000"
    },
    "done": true
  },
  "mcdw:recipes/bows/bow_elite_power_bow": {
    "criteria": {
      "has_iron_ingot": "2024-05-12 04:27:13 +0000"
    },
    "done": true
  },
  "mcdw:recipes/longbows/bow_guardian_bow": {
    "criteria": {
      "has_iron_ingot": "2024-05-12 04:27:13 +0000"
    },
    "done": true
  },
  "mcdw:recipes/crossbows/crossbow_voidcaller_crossbow": {
    "criteria": {
      "has_iron_ingot": "2024-05-12 04:27:13 +0000"
    },
    "done": true
  },
  "mcdw:recipes/crossbows/crossbow_burst": {
    "criteria": {
      "has_iron_ingot": "2024-05-12 04:27:13 +0000"
    },
    "done": true
  },
  "mcdw:recipes/axes/axe_firebrand": {
    "criteria": {
      "has_iron_ingot": "2024-05-12 04:27:13 +0000"
    },
    "done": true
  },
  "minecraft:recipes/combat/iron_sword": {
    "criteria": {
      "has_iron_ingot": "2024-05-12 04:27:13 +0000"
    },
    "done": true
  },
  "minecraft:recipes/tools/iron_pickaxe": {
    "criteria": {
      "has_iron_ingot": "2024-05-12 04:27:13 +0000"
    },
    "done": true
  },
  "minecraft:recipes/combat/shield": {
    "criteria": {
      "has_iron_ingot": "2024-05-12 04:27:13 +0000"
    },
    "done": true
  },
  "minecraft:recipes/redstone/hopper": {
    "criteria": {
      "has_iron_ingot": "2024-05-12 04:27:13 +0000"
    },
    "done": true
  },
  "minecraft:recipes/decorations/iron_bars": {
    "criteria": {
      "has_iron_ingot": "2024-05-12 04:27:13 +0000"
    },
    "done": true
  },
  "minecraft:recipes/combat/iron_boots": {
    "criteria": {
      "has_iron_ingot": "2024-05-12 04:27:13 +0000"
    },
    "done": true
  },
  "mcdw:recipes/swords/sword_rapier": {
    "criteria": {
      "has_iron_ingot": "2024-05-12 04:27:13 +0000"
    },
    "done": true
  },
  "minecraft:recipes/decorations/lantern": {
    "criteria": {
      "has_iron_ingot": "2024-05-12 04:27:13 +0000"
    },
    "done": true
  },
  "mcdw:recipes/axes/axe_highland": {
    "criteria": {
      "has_iron_ingot": "2024-05-12 04:27:13 +0000"
    },
    "done": true
  },
  "mcdw:recipes/axes/axe_anchor": {
    "criteria": {
      "has_iron_ingot": "2024-05-12 04:27:13 +0000"
    },
    "done": true
  },
  "mcdw:recipes/longbows/bow_red_snake": {
    "criteria": {
      "has_iron_ingot": "2024-05-12 04:27:13 +0000"
    },
    "done": true
  },
  "minecraft:recipes/tools/iron_shovel": {
    "criteria": {
      "has_iron_ingot": "2024-05-12 04:27:13 +0000"
    },
    "done": true
  },
  "mcdw:recipes/daggers/dagger_tempest_knife": {
    "criteria": {
      "has_iron_ingot": "2024-05-12 04:27:13 +0000"
    },
    "done": true
  },
  "mcdw:recipes/shortbows/bow_mechanical_shortbow": {
    "criteria": {
      "has_iron_ingot": "2024-05-12 04:27:13 +0000"
    },
    "done": true
  },
  "mcdw:recipes/bows/bow_haunted_bow": {
    "criteria": {
      "has_iron_ingot": "2024-05-12 04:27:13 +0000"
    },
    "done": true
  },
  "mcdw:recipes/sickles/sickle_nightmares_bite": {
    "criteria": {
      "has_iron_ingot": "2024-05-12 04:27:13 +0000"
    },
    "done": true
  },
  "mcdw:recipes/scythes/scythe_jailors_scythe": {
    "criteria": {
      "has_iron_ingot": "2024-05-12 04:27:13 +0000"
    },
    "done": true
  },
  "mcdw:recipes/bows/bow_echo_of_the_valley": {
    "criteria": {
      "has_iron_ingot": "2024-05-12 04:27:13 +0000"
    },
    "done": true
  },
  "mcdw:recipes/swords/sword_katana": {
    "criteria": {
      "has_iron_ingot": "2024-05-12 04:27:13 +0000"
    },
    "done": true
  },
  "minecraft:recipes/redstone/iron_trapdoor": {
    "criteria": {
      "has_iron_ingot": "2024-05-12 04:27:13 +0000"
    },
    "done": true
  },
  "mcdw:recipes/sickles/sickle_last_laugh_silver": {
    "criteria": {
      "has_iron_ingot": "2024-05-12 04:27:13 +0000"
    },
    "done": true
  },
  "mcdw:recipes/swords/sword_broadsword": {
    "criteria": {
      "has_iron_ingot": "2024-05-12 04:27:13 +0000"
    },
    "done": true
  },
  "minecraft:recipes/tools/iron_axe": {
    "criteria": {
      "has_iron_ingot": "2024-05-12 04:27:13 +0000"
    },
    "done": true
  },
  "minecraft:recipes/combat/crossbow": {
    "criteria": {
      "has_iron_ingot": "2024-05-12 04:27:13 +0000"
    },
    "done": true
  },
  "mcdw:recipes/crossbows/crossbow_imploding": {
    "criteria": {
      "has_iron_ingot": "2024-05-12 04:27:13 +0000"
    },
    "done": true
  },
  "mcdw:recipes/swords/sword_claymore": {
    "criteria": {
      "has_iron_ingot": "2024-05-12 04:27:13 +0000"
    },
    "done": true
  },
  "mcdw:recipes/sickles/sickle_sickle": {
    "criteria": {
      "has_iron_ingot": "2024-05-12 04:27:13 +0000"
    },
    "done": true
  },
  "mcdw:recipes/crossbows/crossbow_heavy": {
    "criteria": {
      "has_iron_ingot": "2024-05-12 04:27:13 +0000"
    },
    "done": true
  },
  "mcdw:recipes/bows/bow_power_bow": {
    "criteria": {
      "has_iron_ingot": "2024-05-12 04:27:13 +0000"
    },
    "done": true
  },
  "mcdw:recipes/spears/spear_whispering_spear": {
    "criteria": {
      "has_iron_ingot": "2024-05-12 04:27:13 +0000"
    },
    "done": true
  },
  "farmersdelight:recipes/combat/iron_knife": {
    "criteria": {
      "has_iron_ingot": "2024-05-12 04:27:13 +0000"
    },
    "done": true
  },
  "mcdw:recipes/crossbows/crossbow_rapid": {
    "criteria": {
      "has_iron_ingot": "2024-05-12 04:27:13 +0000"
    },
    "done": true
  },
  "mcdw:recipes/crossbows/crossbow_veiled_crossbow": {
    "criteria": {
      "has_iron_ingot": "2024-05-12 04:27:13 +0000"
    },
    "done": true
  },
  "mcdw:recipes/bows/bow_nocturnal_bow": {
    "criteria": {
      "has_iron_ingot": "2024-05-12 04:27:13 +0000"
    },
    "done": true
  },
  "mcdw:recipes/shortbows/bow_purple_storm": {
    "criteria": {
      "has_iron_ingot": "2024-05-12 04:27:13 +0000"
    },
    "done": true
  },
  "doggytalents:recipes/building_blocks/dog_bath": {
    "criteria": {
      "has_iron_ingot": "2024-05-12 04:27:13 +0000"
    },
    "done": true
  },
  "doggytalents:recipes/building_blocks/food_bowl": {
    "criteria": {
      "has_iron_ingot": "2024-05-12 04:27:13 +0000"
    },
    "done": true
  },
  "uncraftables:recipes/iron_horse_armor": {
    "criteria": {
      "has_iron_ingot": "2024-05-12 04:27:13 +0000"
    },
    "done": true
  },
  "minecraft:recipes/redstone/iron_door": {
    "criteria": {
      "has_iron_ingot": "2024-05-12 04:27:13 +0000"
    },
    "done": true
  },
  "minecraft:recipes/redstone/heavy_weighted_pressure_plate": {
    "criteria": {
      "has_iron_ingot": "2024-05-12 04:27:13 +0000"
    },
    "done": true
  },
  "minecraft:recipes/misc/iron_nugget_from_smelting": {
    "criteria": {
      "has_iron_pickaxe": "2024-05-12 04:27:37 +0000"
    },
    "done": true
  },
  "minecraft:story/iron_tools": {
    "criteria": {
      "iron_pickaxe": "2024-05-12 04:27:37 +0000"
    },
    "done": true
  },
  "minecraft:recipes/misc/iron_nugget_from_blasting": {
    "criteria": {
      "has_iron_pickaxe": "2024-05-12 04:27:37 +0000"
    },
    "done": true
  },
  "farmersdelight:recipes/food/roast_chicken_block": {
    "criteria": {
      "has_cooked_chicken": "2024-05-12 04:27:40 +0000"
    },
    "done": true
  },
  "farmersdelight:recipes/food/chicken_sandwich": {
    "criteria": {
      "has_cooked_chicken": "2024-05-12 04:27:40 +0000"
    },
    "done": true
  },
  "minecraft:recipes/building_blocks/polished_diorite": {
    "criteria": {
      "has_diorite": "2024-05-12 04:28:54 +0000"
    },
    "done": true
  },
  "minecraft:recipes/building_blocks/diorite_slab": {
    "criteria": {
      "has_diorite": "2024-05-12 04:28:54 +0000"
    },
    "done": true
  },
  "minecraft:recipes/decorations/diorite_wall": {
    "criteria": {
      "has_diorite": "2024-05-12 04:28:54 +0000"
    },
    "done": true
  },
  "minecraft:recipes/building_blocks/polished_diorite_stairs_from_diorite_stonecutting": {
    "criteria": {
      "has_diorite": "2024-05-12 04:28:54 +0000"
    },
    "done": true
  },
  "minecraft:recipes/building_blocks/diorite_stairs_from_diorite_stonecutting": {
    "criteria": {
      "has_diorite": "2024-05-12 04:28:54 +0000"
    },
    "done": true
  },
  "minecraft:recipes/decorations/diorite_wall_from_diorite_stonecutting": {
    "criteria": {
      "has_diorite": "2024-05-12 04:28:54 +0000"
    },
    "done": true
  },
  "minecraft:recipes/building_blocks/andesite": {
    "criteria": {
      "has_stone": "2024-05-12 04:28:54 +0000"
    },
    "done": true
  },
  "minecraft:recipes/building_blocks/polished_diorite_from_diorite_stonecutting": {
    "criteria": {
      "has_diorite": "2024-05-12 04:28:54 +0000"
    },
    "done": true
  },
  "minecraft:recipes/building_blocks/diorite_slab_from_diorite_stonecutting": {
    "criteria": {
      "has_diorite": "2024-05-12 04:28:54 +0000"
    },
    "done": true
  },
  "minecraft:recipes/building_blocks/polished_diorite_slab_from_diorite_stonecutting": {
    "criteria": {
      "has_diorite": "2024-05-12 04:28:54 +0000"
    },
    "done": true
  },
  "minecraft:recipes/building_blocks/diorite_stairs": {
    "criteria": {
      "has_diorite": "2024-05-12 04:28:54 +0000"
    },
    "done": true
  },
  "minecraft:recipes/building_blocks/andesite_stairs": {
    "criteria": {
      "has_andesite": "2024-05-12 04:29:01 +0000"
    },
    "done": true
  },
  "minecraft:recipes/decorations/andesite_wall_from_andesite_stonecutting": {
    "criteria": {
      "has_andesite": "2024-05-12 04:29:01 +0000"
    },
    "done": true
  },
  "minecraft:recipes/building_blocks/polished_andesite_slab_from_andesite_stonecutting": {
    "criteria": {
      "has_andesite": "2024-05-12 04:29:01 +0000"
    },
    "done": true
  },
  "minecraft:recipes/building_blocks/andesite_slab_from_andesite_stonecutting": {
    "criteria": {
      "has_andesite": "2024-05-12 04:29:01 +0000"
    },
    "done": true
  },
  "minecraft:recipes/building_blocks/andesite_stairs_from_andesite_stonecutting": {
    "criteria": {
      "has_andesite": "2024-05-12 04:29:01 +0000"
    },
    "done": true
  },
  "minecraft:recipes/building_blocks/polished_andesite_from_andesite_stonecutting": {
    "criteria": {
      "has_andesite": "2024-05-12 04:29:01 +0000"
    },
    "done": true
  },
  "minecraft:recipes/building_blocks/polished_andesite": {
    "criteria": {
      "has_andesite": "2024-05-12 04:29:01 +0000"
    },
    "done": true
  },
  "minecraft:recipes/decorations/andesite_wall": {
    "criteria": {
      "has_andesite": "2024-05-12 04:29:01 +0000"
    },
    "done": true
  },
  "minecraft:recipes/building_blocks/andesite_slab": {
    "criteria": {
      "has_andesite": "2024-05-12 04:29:01 +0000"
    },
    "done": true
  },
  "minecraft:recipes/building_blocks/polished_andesite_stairs_from_andesite_stonecutting": {
    "criteria": {
      "has_andesite": "2024-05-12 04:29:01 +0000"
    },
    "done": true
  },
  "minecraft:recipes/misc/blue_dye": {
    "criteria": {
      "has_lapis_lazuli": "2024-05-12 18:42:41 +0000"
    },
    "done": true
  },
  "minecraft:recipes/building_blocks/lapis_block": {
    "criteria": {
      "has_lapis_lazuli": "2024-05-12 18:42:41 +0000"
    },
    "done": true
  },
  "mcdw:recipes/crossbows/crossbow_doom_crossbow": {
    "criteria": {
      "has_lapis_lazuli": "2024-05-12 18:42:41 +0000"
    },
    "done": true
  },
  "minecraft:recipes/building_blocks/stone_bricks": {
    "criteria": {
      "has_stone": "2024-05-12 18:49:48 +0000"
    },
    "done": true
  },
  "uncraftables:recipes/bell": {
    "criteria": {
      "has_stone": "2024-05-12 18:49:48 +0000"
    },
    "done": true
  },
  "minecraft:recipes/building_blocks/stone_bricks_from_stone_stonecutting": {
    "criteria": {
      "has_stone": "2024-05-12 18:49:48 +0000"
    },
    "done": true
  },
  "minecraft:recipes/building_blocks/stone_slab": {
    "criteria": {
      "has_stone": "2024-05-12 18:49:48 +0000"
    },
    "done": true
  },
  "minecraft:recipes/building_blocks/stone_stairs_from_stone_stonecutting": {
    "criteria": {
      "has_stone": "2024-05-12 18:49:48 +0000"
    },
    "done": true
  },
  "minecraft:recipes/redstone/stone_button": {
    "criteria": {
      "has_stone": "2024-05-12 18:49:48 +0000"
    },
    "done": true
  },
  "minecraft:recipes/decorations/stonecutter": {
    "criteria": {
      "has_stone": "2024-05-12 18:49:48 +0000"
    },
    "done": true
  },
  "minecraft:recipes/redstone/stone_pressure_plate": {
    "criteria": {
      "has_stone": "2024-05-12 18:49:48 +0000"
    },
    "done": true
  },
  "minecraft:recipes/building_blocks/smooth_stone": {
    "criteria": {
      "has_stone": "2024-05-12 18:49:48 +0000"
    },
    "done": true
  },
  "minecraft:recipes/decorations/stone_brick_walls_from_stone_stonecutting": {
    "criteria": {
      "has_stone": "2024-05-12 18:49:48 +0000"
    },
    "done": true
  },
  "minecraft:recipes/building_blocks/stone_brick_slab_from_stone_stonecutting": {
    "criteria": {
      "has_stone": "2024-05-12 18:49:48 +0000"
    },
    "done": true
  },
  "minecraft:recipes/building_blocks/stone_brick_stairs_from_stone_stonecutting": {
    "criteria": {
      "has_stone": "2024-05-12 18:49:48 +0000"
    },
    "done": true
  },
  "minecraft:recipes/building_blocks/stone_slab_from_stone_stonecutting": {
    "criteria": {
      "has_stone": "2024-05-12 18:49:48 +0000"
    },
    "done": true
  },
  "minecraft:recipes/building_blocks/chiseled_stone_bricks_stone_from_stonecutting": {
    "criteria": {
      "has_stone": "2024-05-12 18:49:48 +0000"
    },
    "done": true
  },
  "minecraft:recipes/building_blocks/stone_stairs": {
    "criteria": {
      "has_stone": "2024-05-12 18:49:48 +0000"
    },
    "done": true
  },
  "farmersdelight:recipes/food/wheat_dough_from_eggs": {
    "criteria": {
      "has_wheat": "2024-05-12 18:51:12 +0000"
    },
    "done": true
  },
  "farmersdelight:recipes/food/wheat_dough_from_water": {
    "criteria": {
      "has_wheat": "2024-05-12 18:51:12 +0000"
    },
    "done": true
  },
  "minecraft:recipes/food/bread": {
    "criteria": {
      "has_wheat": "2024-05-12 18:51:12 +0000"
    },
    "done": true
  },
  "minecraft:recipes/building_blocks/hay_block": {
    "criteria": {
      "has_wheat": "2024-05-12 18:51:12 +0000"
    },
    "done": true
  },
  "farmersdelight:recipes/food/pie_crust": {
    "criteria": {
      "has_wheat": "2024-05-12 18:51:12 +0000"
    },
    "done": true
  },
  "minecraft:recipes/decorations/blast_furnace": {
    "criteria": {
      "has_smooth_stone": "2024-05-12 18:52:14 +0000"
    },
    "done": true
  },
  "minecraft:recipes/building_blocks/smooth_stone_slab": {
    "criteria": {
      "has_smooth_stone": "2024-05-12 18:52:14 +0000"
    },
    "done": true
  },
  "minecraft:recipes/building_blocks/smooth_stone_slab_from_smooth_stone_stonecutting": {
    "criteria": {
      "has_smooth_stone": "2024-05-12 18:52:14 +0000"
    },
    "done": true
  },
  "minecraft:recipes/misc/gold_ingot_from_blasting_raw_gold": {
    "criteria": {
      "has_raw_gold": "2024-05-12 18:55:32 +0000"
    },
    "done": true
  },
  "minecraft:recipes/misc/gold_ingot_from_smelting_raw_gold": {
    "criteria": {
      "has_raw_gold": "2024-05-12 18:55:32 +0000"
    },
    "done": true
  },
  "minecraft:recipes/building_blocks/raw_gold_block": {
    "criteria": {
      "has_raw_gold": "2024-05-12 18:55:32 +0000"
    },
    "done": true
  },
  "minecraft:story/obtain_armor": {
    "criteria": {
      "iron_leggings": "2024-05-12 18:57:16 +0000"
    },
    "done": true
  },
  "mcdw:recipes/gauntlets/gauntlet_soul_fist": {
    "criteria": {
      "has_gold_ingot": "2024-05-12 19:03:13 +0000"
    },
    "done": true
  },
  "doggytalents:recipes/tools/shrinking_mallet": {
    "criteria": {
      "has_gold_ingot": "2024-05-12 19:03:13 +0000"
    },
    "done": true
  },
  "minecraft:recipes/tools/golden_axe": {
    "criteria": {
      "has_gold_ingot": "2024-05-12 19:03:13 +0000"
    },
    "done": true
  },
  "minecraft:recipes/tools/golden_pickaxe": {
    "criteria": {
      "has_gold_ingot": "2024-05-12 19:03:13 +0000"
    },
    "done": true
  },
  "minecraft:recipes/misc/gold_nugget": {
    "criteria": {
      "has_gold_ingot": "2024-05-12 19:03:13 +0000"
    },
    "done": true
  },
  "minecraft:recipes/tools/golden_shovel": {
    "criteria": {
      "has_gold_ingot": "2024-05-12 19:03:13 +0000"
    },
    "done": true
  },
  "minecraft:recipes/food/golden_apple": {
    "criteria": {
      "has_gold_ingot": "2024-05-12 19:03:13 +0000"
    },
    "done": true
  },
  "minecraft:recipes/combat/golden_boots": {
    "criteria": {
      "has_gold_ingot": "2024-05-12 19:03:13 +0000"
    },
    "done": true
  },
  "mcdw:recipes/daggers/dagger_the_beginning": {
    "criteria": {
      "has_gold_ingot": "2024-05-12 19:03:13 +0000"
    },
    "done": true
  },
  "minecraft:recipes/combat/golden_helmet": {
    "criteria": {
      "has_gold_ingot": "2024-05-12 19:03:13 +0000"
    },
    "done": true
  },
  "mcdw:recipes/daggers/dagger_chill_gale_knife": {
    "criteria": {
      "has_gold_ingot": "2024-05-12 19:03:13 +0000"
    },
    "done": true
  },
  "mcdw:recipes/crossbows/crossbow_nautical_crossbow": {
    "criteria": {
      "has_gold_ingot": "2024-05-12 19:03:13 +0000"
    },
    "done": true
  },
  "mcdw:recipes/daggers/dagger_resolute_tempest_knife": {
    "criteria": {
      "has_gold_ingot": "2024-05-12 19:03:13 +0000"
    },
    "done": true
  },
  "mcdw:recipes/swords/sword_masters_katana": {
    "criteria": {
      "has_gold_ingot": "2024-05-12 19:03:13 +0000"
    },
    "done": true
  },
  "mcdw:recipes/swords/sword_broken_sawblade": {
    "criteria": {
      "has_gold_ingot": "2024-05-12 19:03:13 +0000"
    },
    "done": true
  },
  "minecraft:recipes/combat/golden_chestplate": {
    "criteria": {
      "has_gold_ingot": "2024-05-12 19:03:13 +0000"
    },
    "done": true
  },
  "uncraftables:recipes/golden_horse_armor": {
    "criteria": {
      "has_gold_ingot": "2024-05-12 19:03:13 +0000"
    },
    "done": true
  },
  "doggytalents:recipes/tools/magnifying_bone": {
    "criteria": {
      "has_gold_ingot": "2024-05-12 19:03:13 +0000"
    },
    "done": true
  },
  "farmersdelight:recipes/combat/golden_knife": {
    "criteria": {
      "has_gold_ingot": "2024-05-12 19:03:13 +0000"
    },
    "done": true
  },
  "mcdw:recipes/bows/bow_bonebow": {
    "criteria": {
      "has_gold_ingot": "2024-05-12 19:03:13 +0000"
    },
    "done": true
  },
  "doggytalents:recipes/tools/canine_tracker": {
    "criteria": {
      "has_gold_ingot": "2024-05-12 19:03:13 +0000"
    },
    "done": true
  },
  "mcdw:recipes/shortbows/bow_love_spell_bow": {
    "criteria": {
      "has_gold_ingot": "2024-05-12 19:03:13 +0000"
    },
    "done": true
  },
  "mcdw:recipes/bows/bow_bubble_burster": {
    "criteria": {
      "has_gold_ingot": "2024-05-12 19:03:13 +0000"
    },
    "done": true
  },
  "minecraft:recipes/redstone/light_weighted_pressure_plate": {
    "criteria": {
      "has_gold_ingot": "2024-05-12 19:03:13 +0000"
    },
    "done": true
  },
  "mcdw:recipes/swords/sword_beestinger": {
    "criteria": {
      "has_gold_ingot": "2024-05-12 19:03:13 +0000"
    },
    "done": true
  },
  "mcdw:recipes/daggers/dagger_the_end": {
    "criteria": {
      "has_gold_ingot": "2024-05-12 19:03:13 +0000"
    },
    "done": true
  },
  "mcdw:recipes/swords/sword_frost_slayer": {
    "criteria": {
      "has_iron_ingot": "2024-05-12 19:03:13 +0000"
    },
    "done": true
  },
  "mcdw:recipes/sickles/sickle_last_laugh_gold": {
    "criteria": {
      "has_gold_ingot": "2024-05-12 19:03:13 +0000"
    },
    "done": true
  },
  "mcdw:recipes/glaives/spear_grave_bane": {
    "criteria": {
      "has_gold_ingot": "2024-05-12 19:03:13 +0000"
    },
    "done": true
  },
  "mcdw:recipes/spears/spear_fortune": {
    "criteria": {
      "has_gold_ingot": "2024-05-12 19:03:13 +0000"
    },
    "done": true
  },
  "minecraft:recipes/combat/golden_sword": {
    "criteria": {
      "has_gold_ingot": "2024-05-12 19:03:13 +0000"
    },
    "done": true
  },
  "minecraft:recipes/building_blocks/gold_block": {
    "criteria": {
      "has_gold_ingot": "2024-05-12 19:03:13 +0000"
    },
    "done": true
  },
  "mcdw:recipes/crossbows/crossbow_harp": {
    "criteria": {
      "has_gold_ingot": "2024-05-12 19:03:13 +0000"
    },
    "done": true
  },
  "mcdw:recipes/staves/staff_growing_staff": {
    "criteria": {
      "has_gold_ingot": "2024-05-12 19:03:13 +0000"
    },
    "done": true
  },
  "minecraft:recipes/tools/golden_hoe": {
    "criteria": {
      "has_gold_ingot": "2024-05-12 19:03:13 +0000"
    },
    "done": true
  },
  "mcdw:recipes/bows/bow_burst_gale_bow": {
    "criteria": {
      "has_gold_ingot": "2024-05-12 19:03:13 +0000"
    },
    "done": true
  },
  "minecraft:recipes/combat/golden_leggings": {
    "criteria": {
      "has_gold_ingot": "2024-05-12 19:03:13 +0000"
    },
    "done": true
  },
  "minecraft:recipes/decorations/fletching_table": {
    "criteria": {
      "has_flint": "2024-05-12 19:08:18 +0000"
    },
    "done": true
  },
  "minecraft:recipes/tools/flint_and_steel": {
    "criteria": {
      "has_flint": "2024-05-12 19:08:18 +0000"
    },
    "done": true
  },
  "farmersdelight:recipes/cooking/squid_ink_pasta": {
    "criteria": {
      "has_any_ingredient": "2024-05-12 22:29:05 +0000"
    },
    "done": true
  },
  "minecraft:recipes/misc/black_dye": {
    "criteria": {
      "has_ink_sac": "2024-05-12 22:29:05 +0000"
    },
    "done": true
  },
  "minecraft:story/deflect_arrow": {
    "criteria": {
      "deflected_projectile": "2024-05-12 22:31:49 +0000"
    },
    "done": true
  },
  "minecraft:adventure/kill_all_mobs": {
    "criteria": {
      "minecraft:skeleton": "2024-05-12 22:32:09 +0000",
      "minecraft:spider": "2024-05-12 22:33:00 +0000",
      "minecraft:enderman": "2024-05-12 22:36:16 +0000",
      "minecraft:zombie": "2024-05-12 22:32:41 +0000",
      "minecraft:drowned": "2024-05-13 00:15:22 +0000"
    },
    "done": false
  },
  "minecraft:adventure/kill_a_mob": {
    "criteria": {
      "minecraft:skeleton": "2024-05-12 22:32:09 +0000"
    },
    "done": true
  },
  "farmersdelight:recipes/cooking/dog_food": {
    "criteria": {
      "has_any_ingredient": "2024-05-12 22:32:41 +0000"
    },
    "done": true
  },
  "mcdw:recipes/double_axes/double_axe_cursed": {
    "criteria": {
      "has_rotten_flesh": "2024-05-12 22:32:41 +0000"
    },
    "done": true
  },
  "farmersdelight:recipes/building_blocks/organic_compost_from_rotten_flesh": {
    "criteria": {
      "has_rotten_flesh": "2024-05-12 22:32:41 +0000"
    },
    "done": true
  },
  "mcdw:recipes/longbows/bow_longbow": {
    "criteria": {
      "has_string": "2024-05-12 22:33:01 +0000"
    },
    "done": true
  },
  "mcdw:recipes/bows/bow_pink_scoundrel": {
    "criteria": {
      "has_string": "2024-05-12 22:33:01 +0000"
    },
    "done": true
  },
  "mcdw:recipes/bows/bow_masters_bow": {
    "criteria": {
      "has_string": "2024-05-12 22:33:01 +0000"
    },
    "done": true
  },
  "doggytalents:recipes/decorations/pianist_suit": {
    "criteria": {
      "has_string": "2024-05-12 22:33:01 +0000"
    },
    "done": true
  },
  "minecraft:recipes/combat/bow": {
    "criteria": {
      "has_string": "2024-05-12 22:33:01 +0000"
    },
    "done": true
  },
  "doggytalents:recipes/decorations/bowtie": {
    "criteria": {
      "has_string": "2024-05-12 22:33:01 +0000"
    },
    "done": true
  },
  "mcdw:recipes/whips/whip_vine_whip": {
    "criteria": {
      "has_string": "2024-05-12 22:33:01 +0000"
    },
    "done": true
  },
  "mcdw:recipes/hammers/hammer_boneclub": {
    "criteria": {
      "has_string": "2024-05-12 22:33:01 +0000"
    },
    "done": true
  },
  "doggytalents:recipes/decorations/guard_suit": {
    "criteria": {
      "has_string": "2024-05-12 22:33:01 +0000"
    },
    "done": true
  },
  "minecraft:recipes/tools/fishing_rod": {
    "criteria": {
      "has_string": "2024-05-12 22:33:01 +0000"
    },
    "done": true
  },
  "uncraftables:recipes/name_tag": {
    "criteria": {
      "has_string": "2024-05-12 22:33:01 +0000"
    },
    "done": true
  },
  "mcdw:recipes/crossbows/crossbow_corrupted_crossbow": {
    "criteria": {
      "has_string": "2024-05-12 22:33:01 +0000"
    },
    "done": true
  },
  "doggytalents:recipes/decorations/locator_orb_rei": {
    "criteria": {
      "has_string": "2024-05-12 22:33:01 +0000"
    },
    "done": true
  },
  "minecraft:recipes/redstone/tripwire_hook": {
    "criteria": {
      "has_string": "2024-05-12 22:33:01 +0000"
    },
    "done": true
  },
  "mcdw:recipes/bows/bow_soul_bow": {
    "criteria": {
      "has_string": "2024-05-12 22:33:01 +0000"
    },
    "done": true
  },
  "doggytalents:recipes/decorations/wig": {
    "criteria": {
      "has_string": "2024-05-12 22:33:01 +0000"
    },
    "done": true
  },
  "minecraft:recipes/decorations/candle": {
    "criteria": {
      "has_string": "2024-05-12 22:33:01 +0000"
    },
    "done": true
  },
  "mcdw:recipes/crossbows/crossbow_azure_seeker": {
    "criteria": {
      "has_string": "2024-05-12 22:33:01 +0000"
    },
    "done": true
  },
  "mcdw:recipes/crossbows/crossbow_shadow_crossbow": {
    "criteria": {
      "has_string": "2024-05-12 22:33:01 +0000"
    },
    "done": true
  },
  "doggytalents:recipes/decorations/locator_orb_shin": {
    "criteria": {
      "has_string": "2024-05-12 22:33:01 +0000"
    },
    "done": true
  },
  "mcdw:recipes/bows/bow_bubble_bow": {
    "criteria": {
      "has_string": "2024-05-12 22:33:01 +0000"
    },
    "done": true
  },
  "doggytalents:recipes/tools/empty_locator_orb": {
    "criteria": {
      "has_string": "2024-05-12 22:33:01 +0000"
    },
    "done": true
  },
  "doggytalents:recipes/decorations/bach_wig": {
    "criteria": {
      "has_string": "2024-05-12 22:33:01 +0000"
    },
    "done": true
  },
  "mcdw:recipes/bows/bow_hunting_bow": {
    "criteria": {
      "has_string": "2024-05-12 22:33:01 +0000"
    },
    "done": true
  },
  "doggytalents:recipes/decorations/tengu_mask": {
    "criteria": {
      "has_string": "2024-05-12 22:33:01 +0000"
    },
    "done": true
  },
  "mcdw:recipes/bows/bow_winters_touch": {
    "criteria": {
      "has_string": "2024-05-12 22:33:01 +0000"
    },
    "done": true
  },
  "mcdw:recipes/whips/whip_whip": {
    "criteria": {
      "has_string": "2024-05-12 22:33:01 +0000"
    },
    "done": true
  },
  "mcdw:recipes/crossbows/crossbow_exploding": {
    "criteria": {
      "has_string": "2024-05-12 22:33:01 +0000"
    },
    "done": true
  },
  "mcdw:recipes/crossbows/crossbow_soul": {
    "criteria": {
      "has_string": "2024-05-12 22:33:01 +0000"
    },
    "done": true
  },
  "mcdw:recipes/crossbows/crossbow_feral_soul": {
    "criteria": {
      "has_string": "2024-05-12 22:33:01 +0000"
    },
    "done": true
  },
  "mcdw:recipes/shortbows/bow_shortbow": {
    "criteria": {
      "has_string": "2024-05-12 22:33:01 +0000"
    },
    "done": true
  },
  "doggytalents:recipes/decorations/locator_orb_jin": {
    "criteria": {
      "has_string": "2024-05-12 22:33:01 +0000"
    },
    "done": true
  },
  "doggytalents:recipes/decorations/wool_collar": {
    "criteria": {
      "has_string": "2024-05-12 22:33:01 +0000"
    },
    "done": true
  },
  "doggytalents:recipes/misc/gender_bone": {
    "criteria": {
      "has_string": "2024-05-12 22:33:01 +0000"
    },
    "done": true
  },
  "mcdw:recipes/crossbows/crossbow_dual": {
    "criteria": {
      "has_string": "2024-05-12 22:33:01 +0000"
    },
    "done": true
  },
  "doggytalents:recipes/decorations/kitsune_mask": {
    "criteria": {
      "has_string": "2024-05-12 22:33:01 +0000"
    },
    "done": true
  },
  "mcdw:recipes/bows/bow_snow_bow": {
    "criteria": {
      "has_string": "2024-05-12 22:33:01 +0000"
    },
    "done": true
  },
  "minecraft:recipes/building_blocks/white_wool_from_string": {
    "criteria": {
      "has_string": "2024-05-12 22:33:01 +0000"
    },
    "done": true
  },
  "doggytalents:recipes/decorations/locator_orb_chu": {
    "criteria": {
      "has_string": "2024-05-12 22:33:01 +0000"
    },
    "done": true
  },
  "mcdw:recipes/bows/bow_call_of_the_void": {
    "criteria": {
      "has_string": "2024-05-12 22:33:01 +0000"
    },
    "done": true
  },
  "doggytalents:recipes/decorations/locator_orb_chi": {
    "criteria": {
      "has_string": "2024-05-12 22:33:01 +0000"
    },
    "done": true
  },
  "mcdw:recipes/bows/bow_web_bow": {
    "criteria": {
      "has_string": "2024-05-12 22:33:01 +0000"
    },
    "done": true
  },
  "doggytalents:recipes/decorations/locator_orb_tei": {
    "criteria": {
      "has_string": "2024-05-12 22:33:01 +0000"
    },
    "done": true
  },
  "mcdw:recipes/bows/bow_lost_souls": {
    "criteria": {
      "has_string": "2024-05-12 22:33:01 +0000"
    },
    "done": true
  },
  "uncraftables:recipes/cobweb": {
    "criteria": {
      "has_string": "2024-05-12 22:33:01 +0000"
    },
    "done": true
  },
  "doggytalents:recipes/decorations/locator_orb_ko": {
    "criteria": {
      "has_string": "2024-05-12 22:33:01 +0000"
    },
    "done": true
  },
  "minecraft:recipes/decorations/loom": {
    "criteria": {
      "has_string": "2024-05-12 22:33:01 +0000"
    },
    "done": true
  },
  "doggytalents:recipes/decorations/locator_orb_gi": {
    "criteria": {
      "has_string": "2024-05-12 22:33:01 +0000"
    },
    "done": true
  },
  "mcdw:recipes/bows/bow_void_bow": {
    "criteria": {
      "has_string": "2024-05-12 22:33:01 +0000"
    },
    "done": true
  },
  "doggytalents:recipes/tools/throw_bone": {
    "criteria": {
      "has_bone": "2024-05-12 22:34:14 +0000"
    },
    "done": true
  },
  "minecraft:recipes/misc/bone_meal": {
    "criteria": {
      "has_bone": "2024-05-12 22:34:14 +0000"
    },
    "done": true
  },
  "mcdw:recipes/gauntlets/gauntlet_maulers": {
    "criteria": {
      "has_bone": "2024-05-12 22:34:14 +0000"
    },
    "done": true
  },
  "farmersdelight:recipes/cooking/bone_broth": {
    "criteria": {
      "has_bone": "2024-05-12 22:34:14 +0000"
    },
    "done": true
  },
  "doggytalents:recipes/tools/conducting_bone": {
    "criteria": {
      "has_bone": "2024-05-12 22:34:14 +0000"
    },
    "done": true
  },
  "naturalist:recipes/naturalist/limestone": {
    "criteria": {
      "has_shell": "2024-05-12 22:41:42 +0000"
    },
    "done": true
  },
  "mcdw:recipes/swords/sword_heartstealer": {
    "criteria": {
      "has_redstone": "2024-05-12 22:44:52 +0000"
    },
    "done": true
  },
  "doggytalents:recipes/tools/radio_collar": {
    "criteria": {
      "has_redstone": "2024-05-12 22:44:52 +0000"
    },
    "done": true
  },
  "minecraft:recipes/redstone/redstone_torch": {
    "criteria": {
      "has_redstone": "2024-05-12 22:44:52 +0000"
    },
    "done": true
  },
  "minecraft:recipes/tools/clock": {
    "criteria": {
      "has_redstone": "2024-05-12 22:44:52 +0000"
    },
    "done": true
  },
  "doggytalents:recipes/decorations/smarty_glasses": {
    "criteria": {
      "has_redstone": "2024-05-12 22:44:52 +0000"
    },
    "done": true
  },
  "minecraft:recipes/redstone/note_block": {
    "criteria": {
      "has_redstone": "2024-05-12 22:44:52 +0000"
    },
    "done": true
  },
  "minecraft:recipes/redstone/target": {
    "criteria": {
      "has_redstone": "2024-05-12 22:44:52 +0000"
    },
    "done": true
  },
  "minecraft:recipes/tools/compass": {
    "criteria": {
      "has_redstone": "2024-05-12 22:44:52 +0000"
    },
    "done": true
  },
  "minecraft:recipes/redstone/dropper": {
    "criteria": {
      "has_redstone": "2024-05-12 22:44:52 +0000"
    },
    "done": true
  },
  "minecraft:recipes/redstone/redstone_block": {
    "criteria": {
      "has_redstone": "2024-05-12 22:44:52 +0000"
    },
    "done": true
  },
  "minecraft:recipes/redstone/piston": {
    "criteria": {
      "has_redstone": "2024-05-12 22:44:52 +0000"
    },
    "done": true
  },
  "minecraft:recipes/brewing/cauldron": {
    "criteria": {
      "has_water_bucket": "2024-05-12 22:50:36 +0000"
    },
    "done": true
  },
  "minecraft:recipes/decorations/composter": {
    "criteria": {
      "has_wood_slab": "2024-05-12 22:51:16 +0000"
    },
    "done": true
  },
  "animal_feeding_trough:recipes/decorations/feeding_trough": {
    "criteria": {
      "has_wood_slab": "2024-05-12 22:51:16 +0000"
    },
    "done": true
  },
  "farmersdelight:recipes/cooking/rabbit_stew": {
    "criteria": {
      "has_any_ingredient": "2024-05-12 22:53:14 +0000"
    },
    "done": true
  },
  "farmersdelight:recipes/cooking/vegetable_noodles": {
    "criteria": {
      "has_any_ingredient": "2024-05-12 22:53:14 +0000"
    },
    "done": true
  },
  "minecraft:recipes/transportation/carrot_on_a_stick": {
    "criteria": {
      "has_carrot": "2024-05-12 22:53:14 +0000"
    },
    "done": true
  },
  "minecraft:recipes/food/beetroot_soup": {
    "criteria": {
      "has_beetroot": "2024-05-12 22:53:18 +0000"
    },
    "done": true
  },
  "minecraft:recipes/misc/red_dye_from_beetroot": {
    "criteria": {
      "has_beetroot": "2024-05-12 22:53:18 +0000"
    },
    "done": true
  },
  "farmersdelight:recipes/cooking/beetroot_soup": {
    "criteria": {
      "has_beetroot": "2024-05-12 22:53:18 +0000"
    },
    "done": true
  },
  "farmersdelight:recipes/decorations/oak_cabinet": {
    "criteria": {
      "has_oak_trapdoor": "2024-05-12 23:15:17 +0000"
    },
    "done": true
  },
  "mcdw:recipes/daggers/dagger_shear_dagger": {
    "criteria": {
      "has_shears": "2024-05-12 23:16:01 +0000"
    },
    "done": true
  },
  "minecraft:recipes/building_blocks/glass": {
    "criteria": {
      "has_smelts_to_glass": "2024-05-12 23:23:15 +0000"
    },
    "done": true
  },
  "minecraft:recipes/building_blocks/sandstone": {
    "criteria": {
      "has_sand": "2024-05-12 23:23:15 +0000"
    },
    "done": true
  },
  "minecraft:recipes/redstone/repeater": {
    "criteria": {
      "has_redstone_torch": "2024-05-12 23:27:15 +0000"
    },
    "done": true
  },
  "minecraft:recipes/transportation/activator_rail": {
    "criteria": {
      "has_rail": "2024-05-12 23:28:14 +0000"
    },
    "done": true
  },
  "minecraft:recipes/transportation/detector_rail": {
    "criteria": {
      "has_rail": "2024-05-12 23:28:14 +0000"
    },
    "done": true
  },
  "minecraft:recipes/transportation/powered_rail": {
    "criteria": {
      "has_rail": "2024-05-12 23:28:14 +0000"
    },
    "done": true
  },
  "minecraft:recipes/transportation/rail": {
    "criteria": {
      "has_the_recipe": "2024-05-12 23:28:14 +0000"
    },
    "done": true
  },
  "minecraft:recipes/food/cooked_beef_from_smoking": {
    "criteria": {
      "has_beef": "2024-05-12 23:36:21 +0000"
    },
    "done": true
  },
  "farmersdelight:recipes/cooking/pasta_with_meatballs": {
    "criteria": {
      "has_any_ingredient": "2024-05-12 23:36:21 +0000"
    },
    "done": true
  },
  "minecraft:recipes/food/cooked_beef": {
    "criteria": {
      "has_beef": "2024-05-12 23:36:21 +0000"
    },
    "done": true
  },
  "minecraft:recipes/food/cooked_beef_from_campfire_cooking": {
    "criteria": {
      "has_beef": "2024-05-12 23:36:21 +0000"
    },
    "done": true
  },
  "minecraft:recipes/combat/leather_helmet": {
    "criteria": {
      "has_leather": "2024-05-12 23:37:27 +0000"
    },
    "done": true
  },
  "minecraft:recipes/combat/leather_leggings": {
    "criteria": {
      "has_leather": "2024-05-12 23:37:27 +0000"
    },
    "done": true
  },
  "doggytalents:recipes/decorations/leather_jacket": {
    "criteria": {
      "has_leather": "2024-05-12 23:37:27 +0000"
    },
    "done": true
  },
  "mcdw:recipes/gauntlets/gauntlet_gauntlets": {
    "criteria": {
      "has_leather": "2024-05-12 23:37:27 +0000"
    },
    "done": true
  },
  "mcdw:recipes/hammers/hammer_great_hammer": {
    "criteria": {
      "has_leather": "2024-05-12 23:37:27 +0000"
    },
    "done": true
  },
  "doggytalents:recipes/decorations/plague_doctor_mask": {
    "criteria": {
      "has_leather": "2024-05-12 23:37:27 +0000"
    },
    "done": true
  },
  "minecraft:recipes/combat/leather_chestplate": {
    "criteria": {
      "has_leather": "2024-05-12 23:37:27 +0000"
    },
    "done": true
  },
  "minecraft:recipes/misc/leather_horse_armor": {
    "criteria": {
      "has_leather": "2024-05-12 23:37:27 +0000"
    },
    "done": true
  },
  "doggytalents:recipes/tools/treat_bag": {
    "criteria": {
      "has_leather": "2024-05-12 23:37:27 +0000"
    },
    "done": true
  },
  "doggytalents:recipes/decorations/tantan_cape": {
    "criteria": {
      "has_leather": "2024-05-12 23:37:27 +0000"
    },
    "done": true
  },
  "sophisticatedbackpacks:recipes/misc/backpack": {
    "criteria": {
      "has_leather": "2024-05-12 23:37:27 +0000"
    },
    "done": true
  },
  "minecraft:recipes/decorations/item_frame": {
    "criteria": {
      "has_leather": "2024-05-12 23:37:27 +0000"
    },
    "done": true
  },
  "sophisticatedbackpacks:recipes/misc/upgrade_base": {
    "criteria": {
      "has_leather": "2024-05-12 23:37:27 +0000"
    },
    "done": true
  },
  "uncraftables:recipes/saddle": {
    "criteria": {
      "has_leather": "2024-05-12 23:37:27 +0000"
    },
    "done": true
  },
  "minecraft:recipes/combat/leather_boots": {
    "criteria": {
      "has_leather": "2024-05-12 23:37:27 +0000"
    },
    "done": true
  },
  "doggytalents:recipes/decorations/cape_coloured": {
    "criteria": {
      "has_leather": "2024-05-12 23:37:27 +0000"
    },
    "done": true
  },
  "minecraft:recipes/decorations/glow_item_frame": {
    "criteria": {
      "has_item_frame": "2024-05-12 23:38:07 +0000"
    },
    "done": true
  },
  "farmersdelight:recipes/food/fried_egg_from_smoking": {
    "criteria": {
      "fried_egg": "2024-05-12 23:44:54 +0000"
    },
    "done": true
  },
  "naturalist:recipes/food/cake": {
    "criteria": {
      "has_the_recipe": "2024-05-12 23:44:54 +0000"
    },
    "done": true
  },
  "minecraft:recipes/food/cake": {
    "criteria": {
      "has_egg": "2024-05-12 23:44:54 +0000"
    },
    "done": true
  },
  "farmersdelight:recipes/food/fried_egg_from_campfire_cooking": {
    "criteria": {
      "fried_egg": "2024-05-12 23:44:54 +0000"
    },
    "done": true
  },
  "doggytalents:recipes/food/egg_sandwich": {
    "criteria": {
      "has_egg": "2024-05-12 23:44:54 +0000"
    },
    "done": true
  },
  "farmersdelight:recipes/food/fried_egg": {
    "criteria": {
      "fried_egg": "2024-05-12 23:44:54 +0000"
    },
    "done": true
  },
  "minecraft:recipes/redstone/trapped_chest": {
    "criteria": {
      "has_tripwire_hook": "2024-05-12 23:48:27 +0000"
    },
    "done": true
  },
  "minecraft:recipes/building_blocks/light_blue_stained_glass": {
    "criteria": {
      "has_glass": "2024-05-12 23:49:30 +0000"
    },
    "done": true
  },
  "minecraft:recipes/building_blocks/green_stained_glass": {
    "criteria": {
      "has_glass": "2024-05-12 23:49:30 +0000"
    },
    "done": true
  },
  "minecraft:recipes/building_blocks/brown_stained_glass": {
    "criteria": {
      "has_glass": "2024-05-12 23:49:30 +0000"
    },
    "done": true
  },
  "minecraft:recipes/building_blocks/blue_stained_glass": {
    "criteria": {
      "has_glass": "2024-05-12 23:49:30 +0000"
    },
    "done": true
  },
  "minecraft:recipes/building_blocks/orange_stained_glass": {
    "criteria": {
      "has_glass": "2024-05-12 23:49:30 +0000"
    },
    "done": true
  },
  "minecraft:recipes/building_blocks/pink_stained_glass": {
    "criteria": {
      "has_glass": "2024-05-12 23:49:30 +0000"
    },
    "done": true
  },
  "minecraft:recipes/building_blocks/black_stained_glass": {
    "criteria": {
      "has_glass": "2024-05-12 23:49:30 +0000"
    },
    "done": true
  },
  "minecraft:recipes/building_blocks/gray_stained_glass": {
    "criteria": {
      "has_glass": "2024-05-12 23:49:30 +0000"
    },
    "done": true
  },
  "minecraft:recipes/building_blocks/lime_stained_glass": {
    "criteria": {
      "has_glass": "2024-05-12 23:49:30 +0000"
    },
    "done": true
  },
  "minecraft:recipes/decorations/glass_pane": {
    "criteria": {
      "has_glass": "2024-05-12 23:49:30 +0000"
    },
    "done": true
  },
  "minecraft:recipes/building_blocks/magenta_stained_glass": {
    "criteria": {
      "has_glass": "2024-05-12 23:49:30 +0000"
    },
    "done": true
  },
  "minecraft:recipes/building_blocks/white_stained_glass": {
    "criteria": {
      "has_glass": "2024-05-12 23:49:30 +0000"
    },
    "done": true
  },
  "minecraft:recipes/building_blocks/red_stained_glass": {
    "criteria": {
      "has_glass": "2024-05-12 23:49:30 +0000"
    },
    "done": true
  },
  "minecraft:recipes/brewing/glass_bottle": {
    "criteria": {
      "has_glass": "2024-05-12 23:49:30 +0000"
    },
    "done": true
  },
  "minecraft:recipes/building_blocks/light_gray_stained_glass": {
    "criteria": {
      "has_glass": "2024-05-12 23:49:30 +0000"
    },
    "done": true
  },
  "minecraft:recipes/building_blocks/cyan_stained_glass": {
    "criteria": {
      "has_glass": "2024-05-12 23:49:30 +0000"
    },
    "done": true
  },
  "minecraft:recipes/building_blocks/purple_stained_glass": {
    "criteria": {
      "has_glass": "2024-05-12 23:49:30 +0000"
    },
    "done": true
  },
  "minecraft:recipes/building_blocks/yellow_stained_glass": {
    "criteria": {
      "has_glass": "2024-05-12 23:49:30 +0000"
    },
    "done": true
  },
  "minecraft:recipes/decorations/lime_stained_glass_pane_from_glass_pane": {
    "criteria": {
      "has_glass_pane": "2024-05-12 23:50:12 +0000"
    },
    "done": true
  },
  "minecraft:recipes/decorations/purple_stained_glass_pane_from_glass_pane": {
    "criteria": {
      "has_glass_pane": "2024-05-12 23:50:12 +0000"
    },
    "done": true
  },
  "minecraft:recipes/decorations/blue_stained_glass_pane_from_glass_pane": {
    "criteria": {
      "has_glass_pane": "2024-05-12 23:50:12 +0000"
    },
    "done": true
  },
  "minecraft:recipes/decorations/light_gray_stained_glass_pane_from_glass_pane": {
    "criteria": {
      "has_glass_pane": "2024-05-12 23:50:12 +0000"
    },
    "done": true
  },
  "minecraft:recipes/decorations/orange_stained_glass_pane_from_glass_pane": {
    "criteria": {
      "has_glass_pane": "2024-05-12 23:50:12 +0000"
    },
    "done": true
  },
  "minecraft:recipes/decorations/light_blue_stained_glass_pane_from_glass_pane": {
    "criteria": {
      "has_glass_pane": "2024-05-12 23:50:12 +0000"
    },
    "done": true
  },
  "minecraft:recipes/decorations/green_stained_glass_pane_from_glass_pane": {
    "criteria": {
      "has_glass_pane": "2024-05-12 23:50:12 +0000"
    },
    "done": true
  },
  "minecraft:recipes/decorations/pink_stained_glass_pane_from_glass_pane": {
    "criteria": {
      "has_glass_pane": "2024-05-12 23:50:12 +0000"
    },
    "done": true
  },
  "minecraft:recipes/decorations/white_stained_glass_pane_from_glass_pane": {
    "criteria": {
      "has_glass_pane": "2024-05-12 23:50:12 +0000"
    },
    "done": true
  },
  "minecraft:recipes/decorations/gray_stained_glass_pane_from_glass_pane": {
    "criteria": {
      "has_glass_pane": "2024-05-12 23:50:12 +0000"
    },
    "done": true
  },
  "minecraft:recipes/decorations/black_stained_glass_pane_from_glass_pane": {
    "criteria": {
      "has_glass_pane": "2024-05-12 23:50:12 +0000"
    },
    "done": true
  },
  "minecraft:recipes/decorations/yellow_stained_glass_pane_from_glass_pane": {
    "criteria": {
      "has_glass_pane": "2024-05-12 23:50:12 +0000"
    },
    "done": true
  },
  "minecraft:recipes/decorations/brown_stained_glass_pane_from_glass_pane": {
    "criteria": {
      "has_glass_pane": "2024-05-12 23:50:12 +0000"
    },
    "done": true
  },
  "minecraft:recipes/decorations/red_stained_glass_pane_from_glass_pane": {
    "criteria": {
      "has_glass_pane": "2024-05-12 23:50:12 +0000"
    },
    "done": true
  },
  "minecraft:recipes/decorations/magenta_stained_glass_pane_from_glass_pane": {
    "criteria": {
      "has_glass_pane": "2024-05-12 23:50:12 +0000"
    },
    "done": true
  },
  "minecraft:recipes/decorations/cyan_stained_glass_pane_from_glass_pane": {
    "criteria": {
      "has_glass_pane": "2024-05-12 23:50:12 +0000"
    },
    "done": true
  },
  "minecraft:recipes/redstone/dispenser": {
    "criteria": {
      "has_bow": "2024-05-13 13:22:13 +0000"
    },
    "done": true
  },
  "minecraft:recipes/transportation/tnt_minecart": {
    "criteria": {
      "has_minecart": "2024-05-13 13:23:28 +0000"
    },
    "done": true
  },
  "minecraft:recipes/transportation/chest_minecart": {
    "criteria": {
      "has_minecart": "2024-05-13 13:23:28 +0000"
    },
    "done": true
  },
  "minecraft:recipes/transportation/furnace_minecart": {
    "criteria": {
      "has_minecart": "2024-05-13 13:23:28 +0000"
    },
    "done": true
  },
  "minecraft:recipes/transportation/hopper_minecart": {
    "criteria": {
      "has_minecart": "2024-05-13 13:23:28 +0000"
    },
    "done": true
  },
  "doggytalents:recipes/food/golden_a_five_wagyu": {
    "criteria": {
      "has_cooked_beef": "2024-05-13 13:25:19 +0000"
    },
    "done": true
  },
  "minecraft:recipes/misc/red_dye_from_poppy": {
    "criteria": {
      "has_poppy": "2024-05-13 13:38:07 +0000"
    },
    "done": true
  },
  "minecraft:recipes/misc/flower_banner_pattern": {
    "criteria": {
      "has_oxeye_daisy": "2024-05-13 13:38:25 +0000"
    },
    "done": true
  },
  "minecraft:recipes/misc/light_gray_dye_from_oxeye_daisy": {
    "criteria": {
      "has_oxeye_daisy": "2024-05-13 13:38:25 +0000"
    },
    "done": true
  },
  "DataVersion": 3465
}